row,timestamp,prediction,score,reasons,move_count,click_count,left_click_count,right_click_count,scroll_count,event_rate,path_length,displacement,straightness,speed_mean,speed_std,speed_max,acceleration_mean,acceleration_std,acceleration_max,direction_change_mean,direction_change_std,click_interval_mean,click_interval_std,click_hold_mean,click_hold_std,double_click_count,scroll_abs_total,scroll_abs_mean,scroll_interval_mean,scroll_interval_std
1,2026-08-25 01:04:52,normal,0.08260563614789812,Clicking pattern is very irregular (stress/fatigue indicator),395,3,2,1,0,49.43241589588507,4177.803356728048,609.3808333054134,0.1458615404490137,1319.0472576151462,1326.038027171632,5033.719752027926,25806.411526211454,26742.143431979566,190563.2530169981,17.84626245743997,35.45188097816263,3.3592123985290527,2.9193594455718994,0.07399924596150716,0.004104109019804203,0,0.0,0.0,0.0,0.0
2,2026-08-25 01:04:56,normal,0.046491474709306424,,375,4,3,1,0,55.28462814854889,4528.86707323538,133.9290857132983,0.02957231544833587,1514.918861211775,1915.5531140665234,19634.71758894539,93202.15735277165,683042.8993305152,10458498.084708976,16.599217280160463,35.186595561667474,1.3092480500539143,0.6653906184264897,0.06991344690322876,0.018000337552472465,0,0.0,0.0,0.0,0.0
3,2026-08-25 01:05:00,normal,0.05772087673086712,,383,4,3,1,3,39.401171428221964,3579.124306601925,1022.4563560367748,0.2856722115381095,1169.523669079242,1900.3933100923803,19634.71758894539,88857.37114907925,676174.7274434031,10458498.084708976,20.029143589244544,38.28704810594059,1.3092480500539143,0.6653906184264897,0.06991344690322876,0.018000337552472465,0,3.0,1.0,0.053786635398864746,0.010188460350036621
4,2026-08-25 01:05:04,normal,0.07533880616125,,270,2,2,0,3,28.90348517672372,1827.2402303322415,1404.1898019854723,0.768475747565033,839.3431166954982,1301.8540277423785,6178.228166349988,19558.05172403097,24864.75356384159,157494.1773234458,18.965089469833266,29.746224761472217,8.735803604125977,0.0,0.04441368579864502,0.004130721092224121,0,3.0,1.0,0.053786635398864746,0.010188460350036621
5,2026-08-25 01:05:08,normal,0.1185563121776082,,479,2,2,0,0,50.438183468465965,4096.181451943771,229.31419493786248,0.05598243086351691,1063.0846419346317,1588.9402212789148,7834.9708084459035,20333.418063900204,26583.20026052919,244058.804082358,16.781277075530028,28.008548449881538,3.4158780574798584,0.0,0.06862938404083252,0.02008497714996338,0,0.0,0.0,0.0,0.0
6,2026-08-25 01:05:12,normal,0.09793931067355954,,723,4,4,0,0,73.15278862603532,5953.081941812741,742.5072390219506,0.12472652758343415,1023.8205623891314,1378.8528922245641,7834.9708084459035,19676.421162497827,23922.903323601015,244058.804082358,13.76342055973884,22.997602082085344,2.8853004773457847,0.43782511458909823,0.06845897436141968,0.01670716419363203,0,0.0,0.0,0.0,0.0
7,2026-08-25 01:05:16,normal,0.09841155651893457,,632,5,5,0,0,64.20050970959028,4487.723805338378,327.6537806893124,0.07301112878193426,883.5549363982168,1050.7106410379174,5549.6319860705,18946.35582785909,22720.98871216018,244058.804082358,13.169842462471042,22.623697639067554,2.374061703681946,0.3322760125894198,0.06577157974243164,0.020250513103127622,0,0.0,0.0,0.0,0.0
8,2026-08-25 01:05:20,normal,0.09278457974449206,,597,6,6,0,0,60.948672575662656,4581.454357340289,43.04648650006177,0.009395812583201617,946.6499675792921,1183.6428370535639,6175.103891282743,20702.873291924094,22877.017053451207,137679.5026822448,10.989480062210918,18.54674570276176,1.4240581035614013,0.6028307778176752,0.0653546651204427,0.018343693434652412,0,0.0,0.0,0.0,0.0
9,2026-08-25 01:05:25,normal,0.01710661655592699,,685,7,6,1,0,71.67822951440421,6342.568484536016,1073.8328547776885,0.1693056775651424,1157.031689132035,1540.701324215086,24169.777665335932,61348.558503409964,880017.7707541506,22779035.370515354,13.64877771904553,26.26961850330263,1.2626605033874512,0.6362110918209742,0.08337095805576869,0.019084785836892597,0,0.0,0.0,0.0,0.0
10,2026-08-25 01:05:29,anomaly,-0.02456647672610468,,543,7,4,3,0,56.002248319145856,5074.674623101924,1216.4937320019367,0.23971856766224509,1164.1794965111458,1568.7099945605444,24169.777665335932,82891.00170847721,1002610.4657161614,22779035.370515354,18.945311853097238,30.487049996476003,1.6306370496749878,0.9121485470088271,0.0948025385538737,0.016826189956147517,0,0.0,0.0,0.0,0.0
11,2026-08-25 01:05:33,normal,0.03784062218002626,,517,7,4,3,0,53.14244245379727,4545.5482490685845,966.8774482839074,0.2127086536771505,1081.0418996210751,1261.7681434691353,6989.447659445538,35347.401369070576,177499.77566178108,3864268.413673192,26.781364404049196,40.66128374980591,1.3733426332473755,0.975955105605053,0.10270673888070243,0.009731798227523175,0,0.0,0.0,0.0,0.0
12,2026-08-25 01:05:45,anomaly,-0.07846596943872142,"Mouse activity is unusually high, User is taking longer paths to navigate, Mouse movements are noticeably slower than normal, Mouse speed is very inconsistent (jerky movements detected)",300,0,0,0,0,125.41974993620822,34626.02745173366,951.9795165863602,0.02749317743461491,14504.753169932219,8201.027637270006,38090.72172769294,262309.21033307404,375448.3089497684,3484264.339164002,10.300062166522668,15.18504298821858,0.0,0.0,0.0,0.0,0.0,0.0,0.0,0.0,0.0
13,2026-08-25 01:05:49,anomaly,-0.1475273711480447,"Mouse activity is unusually high, User is taking longer paths to navigate, Mouse movements are noticeably slower than normal, Mouse speed is very inconsistent (jerky movements detected)",693,0,0,0,0,105.51155467801463,67393.46033732536,1069.4115204167197,0.015868179420732816,12361.098949467001,11582.935330766353,167616.37275883034,377331.28532531526,3797826.936801587,97101346.40494983,11.172679310788059,14.901444736297176,0.0,0.0,0.0,0.0,0.0,0.0,0.0,0.0,0.0
14,2026-08-25 01:05:53,anomaly,-0.15823614769018257,"Mouse activity is unusually high, User is taking longer paths to navigate, Mouse movements are noticeably slower than normal, Mouse speed is very inconsistent (jerky movements detected)",952,1,0,1,0,95.47770830460534,88224.03138751297,1079.179781130095,0.012232265564808907,11676.908128513644,10676.123316728685,167616.37275883034,338208.0220571578,3277593.0974209076,97101346.40494983,12.089704726733144,17.463910483671746,0.0,0.0,0.08815670013427734,0.0,0.0,0.0,0.0,0.0,0.0
15,2026-08-25 01:05:57,anomaly,-0.14131961060700593,"User is taking longer paths to navigate, Mouse movements are noticeably slower than normal, Mouse speed is very inconsistent (jerky movements detected)",838,2,1,1,0,84.26648211860147,66392.11419117144,1131.150299473947,0.017037419477513232,9996.37495388247,10774.491315171264,167616.37275883034,319579.1007659614,3489140.402256797,97101346.40494983,13.52317861118575,20.296549894600272,0.4671516418457031,0.0,0.07678043842315674,0.011376261711120605,0,0.0,0.0,0.0,0.0
16,2026-08-25 01:06:06,normal,0.0542027987535012,"Mouse movements are noticeably slower than normal, Mouse speed is very inconsistent (jerky movements detected)",241,0,0,0,0,83.68262358314395,5724.971314404524,1078.7863551232006,0.18843524200879064,2979.6712821957562,3202.5259330516474,11779.50130604709,43188.273624552836,44732.01956268549,204804.0492251856,8.037307232579623,11.87512720711023,0.0,0.0,0.0,0.0,0.0,0.0,0.0,0.0,0.0
17,2026-08-25 01:06:10,normal,0.059234539178266155,"User is taking longer paths to navigate, Mouse movements are noticeably slower than normal, Mouse speed is very inconsistent (jerky movements detected)",405,2,2,0,0,79.75293206927128,6770.164799688102,641.7016440683318,0.09478375535229137,2095.287991221661,2756.8911938264496,11779.50130604709,37435.61736530036,88171.40865774128,1626339.870677059,9.587257261991097,13.74477784146472,1.9675214290618896,0.0,0.2157893180847168,0.15167760848999023,0,0.0,0.0,0.0,0.0
18,2026-08-25 01:06:46,normal,0.12178256849889219,,149,1,1,0,0,64.8604685553566,503.46323951997937,142.76203977248295,0.2835600070992226,416.5340575464713,332.02785074874134,1646.3567886895921,14533.305876976823,12191.030949647933,60359.82109390736,13.637329813410862,14.810021190542992,0.0,0.0,0.0808408260345459,0.0,0.0,0.0,0.0,0.0,0.0
19,2026-08-25 01:12:39,normal,0.14050121716674346,,213,1,1,0,0,54.07285692073829,1770.6852311037746,152.50245899656832,0.08612623876774776,1036.657706849588,1538.1480576139463,6370.522577597701,23154.782390111402,33026.63136190268,250375.21885201635,12.037914626283637,19.61020468469221,0.0,0.0,0.09613943099975586,0.0,0.0,0.0,0.0,0.0,0.0
20,2026-08-25 01:12:43,normal,0.02103490619127929,,382,2,2,0,0,49.43594349809179,3000.5610968142905,491.3298281195637,0.1637459835899395,1037.3913318286998,1963.3248369923401,28220.88172740188,132681.22421125832,1529519.0633025,21810820.545978356,11.825304863423487,20.7199861429215,3.929280996322632,0.0,0.08755123615264893,0.008588194847106934,0,0.0,0.0,0.0,0.0
21,2026-08-25 01:12:48,normal,0.023850669346841602,,539,3,3,0,0,55.74930398597668,4273.10521033762,642.4025217883254,0.15033622861290816,1029.0175975797215,1760.2180581038656,28220.88172740188,98870.3738702931,1287766.0292825794,21810820.545978356,11.101915878722357,19.749671267929244,3.055588722229004,0.47968459129333496,0.07982659339904785,0.013604842748561958,0,0.0,0.0,0.0,0.0
22,2026-08-25 01:12:52,anomaly,-0.07839491778242791,"User is taking longer paths to navigate, Mouse movements are noticeably slower than normal, Mouse speed is very inconsistent (jerky movements detected)",825,2,2,0,0,88.04356957439498,55219.44631976853,1412.522566191422,0.02558016532820141,8310.011639593566,9744.999505133967,45577.38161667218,181934.79900408364,500720.2637446808,10562966.177980661,11.502000240561683,22.128714069016073,2.575904130935669,0.0,0.08025836944580078,0.01664566993713379,0,0.0,0.0,0.0,0.0
23,2026-08-25 01:12:56,anomaly,-0.10599259351623547,"User is taking longer paths to navigate, Mouse movements are noticeably slower than normal, Mouse speed is very inconsistent (jerky movements detected)",941,2,2,0,0,94.57267408033093,74746.44531023191,447.0760561694173,0.0059812350181182175,9884.3214712072,9521.921338068165,45577.38161667218,208994.8583671368,491830.38593601814,10562966.177980661,11.682504154483809,21.712813432514867,8.58368468284607,0.0,0.06379914283752441,0.00018644332885742188,0,0.0,0.0,0.0,0.0
24,2026-08-25 01:13:00,anomaly,-0.07508912223504782,"User is taking longer paths to navigate, Mouse movements are noticeably slower than normal, Mouse speed is very inconsistent (jerky movements detected)",927,2,2,0,0,93.17555247639947,83763.16073849436,502.09959171463186,0.005994277045993633,11316.72151355465,8853.259241229818,41308.706066565086,206233.87667005011,330094.9071970426,3899182.7188703953,11.764300785581701,20.98389953674397,3.0401523113250732,0.0,0.059890031814575195,0.004095554351806641,0,0.0,0.0,0.0,0.0
25,2026-08-25 01:13:04,anomaly,-0.09844448153446628,"User is taking longer paths to navigate, Mouse movements are noticeably slower than normal, Mouse speed is very inconsistent (jerky movements detected)",902,4,3,1,0,93.85471060045336,88459.37989375289,802.7764321403563,0.009075085458484537,12097.553800700965,9528.862567482825,49092.41670569092,243694.6472307023,424143.5535666243,5658443.880557435,11.691343965543798,21.305562375831222,2.712045669555664,1.6265658751786705,0.06390559673309326,0.014914499700208647,0,0.0,0.0,0.0,0.0
26,2026-08-25 01:13:08,anomaly,-0.10877515286546235,"User is taking longer paths to navigate, Mouse movements are noticeably slower than normal, Mouse speed is very inconsistent (jerky movements detected), Clicking pattern is very irregular (stress/fatigue indicator)",633,4,2,2,0,64.1502382010028,43286.851332487175,1895.15197279796,0.043781238747102665,8303.978863748785,8838.684528216045,49092.41670569092,166638.64002556526,369293.202545478,5658443.880557435,12.04585263702661,22.65655668780787,3.1492795944213867,1.8207092755059562,0.0658751130104065,0.015309943350289673,0,0.0,0.0,0.0,0.0
27,2026-08-25 01:13:12,anomaly,-0.07604311709029155,"User is taking longer paths to navigate, Mouse movements are noticeably slower than normal, Mouse speed is very inconsistent (jerky movements detected)",637,4,2,2,0,64.54955981909882,41968.942785453415,585.6227454599078,0.013953716881876918,7992.710821290234,8844.975532826551,49092.41670569092,160347.03041762314,368726.82989193295,5658443.880557435,12.595040699789081,23.038477710568838,1.9039943218231201,1.732973168777395,0.07597708702087402,0.018354164799606002,0,0.0,0.0,0.0,0.0
28,2026-08-25 01:13:16,normal,0.08709805551464511,Clicking pattern is very irregular (stress/fatigue indicator),365,3,2,1,0,38.201187362200464,3709.7852582764667,467.88887569592845,0.12612290014686872,1269.8212744223536,1392.5819537247414,7928.662754764625,24550.95150670952,31288.61704779852,242048.83741767166,12.588340012152013,23.993039688043915,3.68808650970459,2.9041907787323,0.13593840599060059,0.07407475055371378,0,0.0,0.0,0.0,0.0
29,2026-08-25 01:13:21,normal,0.12664988193698212,,378,1,1,0,0,60.43340073326096,3620.0883335134795,562.2036997388046,0.15530109984723975,1199.1726521180337,1329.5853469500616,7928.662754764625,23948.738146587424,32126.87412036808,242048.83741767166,9.800352403003956,16.199602958656776,0.0,0.0,0.23974919319152832,0.0,0.0,0.0,0.0,0.0,0.0
30,2026-08-25 01:13:29,normal,0.13568498801548734,,355,2,2,0,0,39.1922821855515,3226.030205474286,934.4479653784902,0.28965877746365026,1136.578896881376,1191.500182556001,6395.229829724619,23341.484579539534,26651.870588061298,157580.22682302372,10.120107207085299,15.630737943192836,1.967655897140503,0.0,0.08390748500823975,0.004297614097595215,0,0.0,0.0,0.0,0.0
31,2026-08-25 01:13:33,normal,0.026004255030449397,User is holding mouse button much longer than usual,431,4,4,0,0,60.76671468627249,3053.3078978109556,389.2351474366106,0.12747982203683736,881.3570550826408,1063.5174229654976,6395.229829724619,20473.465126110263,24374.639244280952,157580.22682302372,10.760642241539296,15.101447178870517,2.4026311238606772,0.7956647647620565,1.0447816848754883,1.3588858557407748,0,0.0,0.0,0.0,0.0
32,2026-08-25 01:13:37,normal,0.01753770858534509,User is holding mouse button much longer than usual,501,5,5,0,0,55.35349135366315,3504.010062569136,171.77310616042314,0.04902186440482973,858.9133115002003,1038.651966781262,6395.229829724619,23993.417100865812,52937.99022860058,881606.5717135123,11.532800593779726,17.082550178004016,2.2959158420562744,0.7134257267050812,0.9051755905151367,1.1423934208912883,0,0.0,0.0,0.0,0.0
33,2026-08-25 01:14:21,normal,0.12518216189158138,,125,1,1,0,0,59.232023481241235,510.38390305485035,190.93716243832682,0.3741049850818023,498.9105726756647,735.0512970846964,2957.592167888482,15426.669921565335,25375.210982044482,162228.6620403803,26.469198521312094,33.331762766338954,0.0,0.0,0.0638427734375,0.0,0.0,0.0,0.0,0.0,0.0
