row,timestamp,prediction,score,reasons,move_count,click_count,left_click_count,right_click_count,scroll_count,event_rate,path_length,displacement,straightness,speed_mean,speed_std,speed_max,acceleration_mean,acceleration_std,acceleration_max,direction_change_mean,direction_change_std,click_interval_mean,click_interval_std,click_hold_mean,click_hold_std,double_click_count,scroll_abs_total,scroll_abs_mean,scroll_interval_mean,scroll_interval_std
1,2026-05-30 21:18:22,normal,0.12424307512351596,,211,1,1,0,15,24.978840289646534,997.3171282899791,154.80633061990713,0.1552227734074329,586.3625182413034,606.3572468034746,2789.643035818185,13816.464157227869,13342.571670061665,64348.88610585521,16.030742799159384,24.19974971075947,0.0,0.0,0.0957481861114502,0.0,0.0,15.0,1.0,0.5845305749348232,1.1578599172190183
2,2026-05-30 21:18:26,normal,0.13058497420363596,,299,2,2,0,11,31.400268762027874,3211.3177299424656,543.3313905895737,0.16919266054664361,1342.464078785041,1247.0964293137567,6021.761781801061,25503.669874847925,26883.634494074442,192183.92155014182,9.061695169743345,17.815136381235895,2.1354482173919678,0.0,0.10440564155578613,0.008657455444335938,0,11.0,1.0,0.2703984498977661,0.21907810374606387
3,2026-05-30 21:18:30,normal,0.0998875193023055,,297,2,2,0,21,32.9658776485924,3348.3704868645427,719.2781103300725,0.21481437408188775,1412.1300926423671,1211.42084563154,6021.761781801061,27281.498588134156,27384.401107059384,192183.92155014182,8.321759912358923,15.451503422162022,2.1354482173919678,0.0,0.10440564155578613,0.008657455444335938,0,21.0,1.0,0.4451983094215393,1.2836328670844894
4,2026-05-30 21:18:34,normal,0.1161052106792212,,160,0,0,0,20,18.78117674007459,1511.146565653324,835.0568842899266,0.552598208055948,1188.4591469833479,1254.1006550244563,6021.761781801061,25656.056145068247,28441.950866686744,192183.92155014182,10.638153317518459,17.951105188540634,0.0,0.0,0.0,0.0,0.0,20.0,1.0,0.3608471468875283,0.9761392952468567
5,2026-05-30 21:18:38,normal,0.07297003016549908,,187,1,1,0,20,24.620962800056645,1537.8991385662478,1020.1298936900143,0.6633269166410098,1051.928777084267,1547.0501187084187,6517.5461169557175,50267.59435950286,341434.45914557634,4649097.177554812,16.573706512217544,29.14162486240127,0.0,0.0,0.08029007911682129,0.0,0.0,20.0,1.0,0.3608471468875283,0.9761392952468567
6,2026-05-30 21:18:42,normal,0.0856575341100726,,168,1,1,0,5,18.184357314225736,1498.4676760346201,975.7233214390235,0.651147393463348,1141.5660940401435,1607.5660622044256,6517.5461169557175,53966.38077499351,360192.87028020946,4649097.177554812,18.132459211321013,34.29504277816177,0.0,0.0,0.08029007911682129,0.0,0.0,5.0,1.0,0.04574418067932129,0.016504372840216254
7,2026-05-30 21:18:50,normal,0.056460969546451245,direction_change_std: 49.9961,12,0,0,0,0,1.4018166146343192,12.414213562373096,7.810249675906654,0.6291376925864364,126.57004250344006,78.94000353702265,258.0078122597115,10258.728261696475,9957.257383465878,33284.01559352127,28.125,49.99609359740019,0.0,0.0,0.0,0.0,0.0,0.0,0.0,0.0,0.0
8,2026-05-30 21:19:03,normal,0.13639097794051153,,177,1,1,0,9,46.816103289189094,1843.846143230259,1013.87030728787,0.5498670868013189,1304.3278903172434,1269.6738583619183,5780.173390127788,26455.245257010418,27281.583795222363,135436.8284279734,11.064209748072543,18.88147121508327,0.0,0.0,0.07994937896728516,0.0,0.0,9.0,1.0,0.14588963985443115,0.2136816770579918
9,2026-05-30 21:19:07,normal,0.10825061272396663,,323,2,2,0,19,42.484752519583225,3221.1252395593224,772.7884574707363,0.2399125771267622,1242.7085517532394,1296.522823663051,6695.799747724817,37428.770521673214,203302.1109530973,3587519.0698717516,12.35720369507148,22.867732129307477,3.6877169609069824,0.0,0.08392214775085449,0.003972768783569336,0,19.0,1.0,0.39285948541429305,0.8745269502538489
10,2026-05-30 21:19:11,anomaly,-0.06406563052490166,"path_length: 25782.2497, speed_mean: 7091.4242, speed_std: 8785.9409, speed_max: 51801.3233, acceleration_mean: 264427.3188",456,1,1,0,17,47.69011102326395,25782.249669810415,476.5133786159629,0.01848222652090495,7091.424242855455,8785.940901310143,51801.323290311884,264427.31881363824,435997.96927279595,4263251.282949422,15.419981761549645,27.158902804043443,0.0,0.0,0.08789491653442383,0.0,0.0,17.0,1.0,0.4530032128095627,0.9282840980681616
11,2026-05-30 21:19:15,anomaly,-0.0913459674300594,"path_length: 24327.5412, speed_mean: 7462.7910, speed_std: 9217.5582, speed_max: 51801.3233, acceleration_mean: 277871.7617",409,0,0,0,16,42.70310503059754,24327.541217987524,329.3281038721111,0.013537253967474914,7462.790968959152,9217.558221834655,51801.323290311884,277871.76170005207,423856.15422782616,4263251.282949422,18.224039835119548,27.927912652271907,0.0,0.0,0.0,0.0,0.0,16.0,1.0,0.5466469923655192,1.4428684632553463
12,2026-05-30 21:19:19,anomaly,-0.07423215354186152,"path_length: 25503.4455, speed_mean: 6162.7899, speed_std: 8561.2500, speed_max: 51801.3233, acceleration_mean: 224223.9414",519,0,0,0,13,57.22781923221917,25503.445547368763,151.43315356948756,0.005937752735732258,6162.78989488442,8561.250000207745,51801.323290311884,224223.9414236909,390051.7725942838,4263251.282949422,15.703247595242113,25.257604458494445,0.0,0.0,0.0,0.0,0.0,13.0,1.0,0.22204307715098062,0.274504203812745
13,2026-05-30 21:19:27,normal,0.1288907669193593,,178,0,0,0,4,18.30286652387795,1322.0760019637019,279.32955446926843,0.21128101111764794,929.9087352880384,786.6975869291708,2898.3432313419075,20774.553715389993,19391.444921770842,92681.90002368316,11.284214453812366,19.363042277452408,0.0,0.0,0.0,0.0,0.0,4.0,1.0,0.08204515775044759,0.037488198393004955
14,2026-05-30 21:19:31,normal,0.12597854801905622,,207,0,0,0,7,33.52218052941663,1262.9592932789506,152.6106156202772,0.12083573590409458,760.5548252808015,694.3103284053982,2820.784667810516,19228.830542518404,17429.795157167413,92681.89820487393,11.022464272325427,17.335111519117042,0.0,0.0,0.0,0.0,0.0,7.0,1.0,0.1301736036936442,0.15751216640637047
15,2026-05-30 21:19:35,normal,0.12233704625637404,,249,0,0,0,18,26.72023238802937,1515.8066592486493,166.39711535961192,0.1097746301247226,758.9217400596401,684.6398494993653,2820.784667810516,18948.103972211098,17156.993533602097,92681.89820487393,11.126652204505666,17.909305909925845,0.0,0.0,0.0,0.0,0.0,18.0,1.0,0.34239983558654785,0.5370508512223731
16,2026-05-30 21:19:39,normal,0.12510646668806263,,245,0,0,0,19,35.793053195580846,1572.718476488685,179.27911200137063,0.11399313652220609,801.3675755433931,691.6295590379754,2820.784667810516,19179.944089867153,17274.782182462837,92681.89820487393,12.85148144149173,19.556586453213484,0.0,0.0,0.0,0.0,0.0,19.0,1.0,0.36547887325286865,0.5305233229419242
17,2026-05-30 21:19:48,anomaly,-0.012639171138199679,"event_rate: 131.9188, straightness: 0.9963, speed_mean: 4783.7839",20,0,0,0,0,131.91875349902185,725.7469919463491,723.0297365945609,0.9962559192363981,4783.78390892082,1698.2762202672516,6885.1084083676715,74351.27868914115,64059.75921293742,205200.40084156583,3.107206807025183,4.235605815115725,0.0,0.0,0.0,0.0,0.0,0.0,0.0,0.0,0.0
18,2026-05-30 21:19:52,normal,0.09855589945750104,,131,2,2,0,0,82.35492503305579,2174.0076100269853,1023.078198379772,0.4705955000622435,1925.2113538517322,1922.9022681259505,8470.39882402532,57191.03225297664,152883.70335704676,1378680.0489546475,13.227757777693622,25.767151000529847,0.6464686393737793,0.0,0.06716012954711914,0.00469970703125,0,0.0,0.0,0.0,0.0
19,2026-05-30 21:19:56,normal,0.083814347277129,speed_mean: 2267.4132,196,2,2,0,5,24.017484115900146,3711.062699123904,487.19811165479695,0.1312826408914657,2267.4132110289547,2307.2604523910554,10281.090149795733,55746.21906284886,127968.35241905996,1378680.0489546475,10.005159616955213,22.68976906062106,0.6464686393737793,0.0,0.06716012954711914,0.00469970703125,0,5.0,1.0,0.02231729030609131,0.006942187516585159
20,2026-05-30 21:20:00,normal,0.026623299049199856,"speed_std: 2765.4935, speed_max: 26630.5799, acceleration_mean: 132443.7693, acceleration_std: 981835.8620",273,1,1,0,12,56.497280913594636,3368.992726694692,1061.6449500656988,0.3151223633264638,1598.097095077236,2765.4935377801567,26630.579873148436,132443.76927732554,981835.8619678577,11762504.159872951,11.771797802665745,20.862652332463423,0.0,0.0,0.07240033149719238,0.0,0.0,12.0,1.0,0.39852081645618787,1.049194778098594
21,2026-05-30 21:20:04,normal,0.016555076045401018,"speed_max: 26630.5799, acceleration_mean: 106470.7673, acceleration_std: 866570.6580",351,3,2,1,16,43.17154356411161,3783.211022528937,1066.6363016511298,0.2819394147720903,1388.7424331833345,2479.2408450721127,26630.579873148436,106470.76734661627,866570.6579933562,11762504.159872951,11.159334665626332,19.37465876822083,1.9395900964736938,1.4436084032058716,0.06419070561726888,0.006630364365818414,0,16.0,1.0,0.5498394330342611,1.2602393531838803
22,2026-05-30 21:20:08,normal,0.07830835475008963,click_interval_std: 3.2160,301,3,2,1,11,31.852584851571976,2160.859933715226,745.1509914104657,0.3448400240034564,895.245575944563,906.4218693239237,4258.176649746193,18171.9367261058,17931.09845968975,124731.37907153144,12.943182047654265,22.075140642146565,3.7120068073272705,3.2160251140594482,0.06946746508280437,0.013648829791543818,0,11.0,1.0,0.44554383754730226,1.1251342895677128
23,2026-05-30 21:20:12,normal,0.062136375424816315,scroll_interval_std: 2.6664,397,4,4,0,9,50.048281881361916,4792.146338385898,334.32020579079574,0.06976418961016166,1519.6462359227678,1688.843919601991,10855.63581682133,41877.90528957994,269463.53050597216,5115826.233473492,12.314390812707902,23.09881901984955,1.1201857725779216,0.4132436652649411,0.09044629335403442,0.007054738875573175,0,9.0,1.0,1.0340015292167664,2.666358284161968
24,2026-05-30 21:20:16,normal,0.11368319123298459,,589,4,4,0,13,63.48884417679833,5632.396030247069,271.42586464815764,0.048190124272254234,1200.2864092461255,1477.9407999352577,10855.63581682133,33248.42656155852,221551.50898258606,5115826.233473492,11.510883678183223,20.974465220986968,1.1201857725779216,0.4132436652649411,0.09044629335403442,0.007054738875573175,0,13.0,1.0,0.19264179468154907,0.3380257805881082
25,2026-05-30 21:20:20,normal,0.07651456361153247,move_count: 714.0000,714,1,1,0,18,73.56126679737646,5387.093510014343,1083.362358585529,0.2011033141659062,938.4155646108204,1186.9094273481962,7422.135095791038,27653.72660412855,35956.63203392175,512231.8685913356,14.323958424183052,21.113009842388923,0.0,0.0,0.09555411338806152,0.0,0.0,18.0,1.0,0.48421569431529327,1.261958401630615
26,2026-05-30 21:20:24,normal,0.08447341560252392,,574,0,0,0,12,66.89494082854168,2930.044895407285,170.42593699317015,0.05816495756099343,635.8096896873296,769.3365483843033,6062.195443005591,34632.880752603014,183817.89164079225,4336055.938721576,18.3874647772002,23.912955080960067,0.0,0.0,0.0,0.0,0.0,12.0,1.0,0.44725086472251196,0.9181512215840876
27,2026-05-30 21:20:28,normal,0.06861192904229774,,698,0,0,0,12,71.05387268555816,4851.070853886413,438.22026425075325,0.09033474823392347,868.5428673355617,1054.9530741760148,7441.441607360718,43583.363488419185,168260.32456183454,4336055.938721576,18.825913691524935,25.03169087680748,0.0,0.0,0.0,0.0,0.0,12.0,1.0,0.44725086472251196,0.9181512215840876
28,2026-05-30 21:20:32,anomaly,-0.1058410259759952,"move_count: 845.0000, path_length: 6880.2973, speed_max: 49288.8776, acceleration_mean: 134119.1951, acceleration_std: 2097570.2651, acceleration_max: 58714846.0802",845,0,0,0,17,93.85310317424243,6880.297263332478,230.7834482799839,0.03354265658112041,1064.7395671553136,2030.6419014036305,49288.87762244994,134119.19505996487,2097570.2651335406,58714846.080201216,17.394254419617944,24.445257880665952,0.0,0.0,0.0,0.0,0.0,17.0,1.0,0.5635304152965546,1.204569184584659
29,2026-05-30 21:20:36,anomaly,-0.07648715685289287,"speed_max: 49288.8776, acceleration_mean: 175718.1482, acceleration_std: 2549602.8335, acceleration_max: 58714846.0802",572,0,0,0,18,59.04469136755098,4261.750853845626,563.2139913034831,0.1321555413769114,1000.5523688113494,2285.1901170610668,49288.87762244994,175718.14817560554,2549602.8335146965,58714846.080201216,18.982394989116187,26.366520114883894,0.0,0.0,0.0,0.0,0.0,18.0,1.0,0.42766136281630573,0.7667245650811968
30,2026-05-30 21:20:41,anomaly,-0.03231906771651505,"path_length: 8063.7101, speed_mean: 2877.3205, speed_std: 4700.0123, speed_max: 31007.8549, acceleration_mean: 125458.0529",350,0,0,0,24,37.401169036212124,8063.7101259212395,663.134978718511,0.08223695648319837,2877.320534423536,4700.012268087315,31007.854915918575,125458.05288980895,210648.380435119,1457580.5259044494,19.0030597252793,28.71581724052656,0.0,0.0,0.0,0.0,0.0,24.0,1.0,0.3306996822357178,0.6584490504160446
31,2026-05-30 21:20:45,anomaly,-0.07406880611470268,"move_count: 708.0000, path_length: 25782.9629, speed_mean: 4572.1388, speed_std: 4822.3008, speed_max: 31007.8549, acceleration_mean: 204974.6332",708,0,0,0,16,76.56815668509289,25782.962929380952,443.1895756896816,0.01718924147327712,4572.138829045104,4822.30082573193,31007.854915918575,204974.63318531035,373840.68434680114,8328689.969620533,19.05911056758353,29.657585229585777,0.0,0.0,0.0,0.0,0.0,16.0,1.0,0.21759591102600098,0.3396532624510282
32,2026-05-30 21:20:49,anomaly,-0.17561800583934428,"move_count: 779.0000, path_length: 28291.5894, speed_mean: 4805.1141, speed_std: 8926.6412, speed_max: 214723.0952, acceleration_mean: 633936.8164, acceleration_std: 9855262.3874, acceleration_max: 267257662.7630",779,0,0,0,3,84.49443779111294,28291.589406586478,63.324560795950255,0.0022382821935485837,4805.11409193714,8926.641154429504,214723.09521670302,633936.8164479457,9855262.387431009,267257662.7630275,18.909843009332874,29.690735477139754,0.0,0.0,0.0,0.0,0.0,3.0,1.0,0.3877604007720947,0.3560209274291992
33,2026-05-30 21:20:53,anomaly,-0.16056164294260244,"path_length: 19967.6477, speed_mean: 4106.6015, speed_std: 9225.6289, speed_max: 214723.0952, acceleration_mean: 668226.0008, acceleration_std: 10744808.0584, acceleration_max: 267257662.7630",655,0,0,0,12,66.70047071789104,19967.647739179607,120.33287165193059,0.00602639195280969,4106.601504878161,9225.628889468224,214723.09521670302,668226.0008082238,10744808.058362382,267257662.7630275,17.66633282961015,28.478822361392087,0.0,0.0,0.0,0.0,0.0,12.0,1.0,0.26031682708046655,0.4113265097729546
34,2026-05-30 21:20:57,normal,0.09540075487611216,,163,0,0,0,14,17.700332964961753,1461.4110868483865,380.888435109285,0.2606305908973853,1118.2022998784719,2538.570180188823,16247.598595871032,43101.669386081034,87487.83419234554,634507.0699711019,15.284164245687176,26.481921536300348,0.0,0.0,0.0,0.0,0.0,14.0,1.0,0.44308022352365345,0.7841666596109481
35,2026-05-30 21:21:01,normal,0.12551715795836338,,216,2,2,0,5,23.031703863310565,1169.4400697036078,512.6499780552028,0.43837216744688157,669.9271814131365,1201.9428485338176,6183.402909693251,16995.516276440623,25269.417821340536,240419.95840326534,17.797582975404055,25.650646398552965,0.984442949295044,0.0,0.06332170963287354,0.008281350135803223,0,5.0,1.0,0.7461490035057068,1.1955448240035966
36,2026-05-30 21:21:05,normal,0.12994387532738555,,331,3,3,0,17,35.57030359545999,2541.821763468228,180.00555546982432,0.07081753648383786,956.1705304813968,1245.3340026058077,6183.402909693251,22121.396528842994,26984.799928059594,240419.95840326534,12.414863457950826,19.799205496748268,1.7080047130584717,0.7235617637634277,0.06609098116556804,0.007813976987302709,0,17.0,1.0,0.11698910593986511,0.20316469939038245
37,2026-05-30 21:21:09,normal,0.06989910920124032,"scroll_count: 41.0000, click_interval_std: 1.8536, scroll_abs_total: 41.0000",393,5,5,0,41,44.79498430755985,2900.7837613477327,164.40194646049662,0.05667500923409536,920.7867700698912,1081.0198946274115,5374.128121432583,21544.91174025249,23485.532550741216,139859.36330499034,12.477230882500503,19.320380546959,2.4599300622940063,1.853618050469234,0.0667262077331543,0.0067135212735314476,0,41.0,1.0,0.10580039024353027,0.18385269360601886
38,2026-05-30 22:44:00,normal,0.12054277205738412,,288,2,2,0,0,93.23931633398972,2201.631545369925,860.3144773860312,0.3907622413910673,954.7521061314528,1245.774373095723,5911.081286710363,21916.34320231808,27104.34607055486,212353.96341777805,10.000512940368417,15.336973792917886,2.2242259979248047,0.0,0.07987499237060547,0.0,0,0.0,0.0,0.0,0.0
39,2026-05-30 22:44:04,normal,0.10676531953056817,,610,4,4,0,6,88.49581117905328,3952.0680242838916,322.07607796916557,0.08149558053913437,805.958106235329,1095.563010071749,5911.081286710363,19204.226763456816,23270.47861334646,212353.96341777805,10.555572795978158,16.7198416779873,1.824346621831258,0.3059134876591027,0.07428336143493652,0.0073495721824921,0,6.0,1.0,0.009637784957885743,0.003197939365359067
40,2026-05-30 22:44:08,normal,0.04396581986998255,"move_count: 743.0000, click_hold_std: 0.3390",743,4,4,0,28,77.95919934509138,5226.2520402610735,176.30087918101827,0.03373371162027067,876.6417012106796,1200.8508219945795,6932.04830571433,19893.690127045236,23245.318193732917,147661.72269607283,10.934646908231684,17.267697254389052,2.298554261525472,0.9605105638252511,0.27035337686538696,0.33898573410011057,0,28.0,1.0,0.11613469653659397,0.3851145917827085
41,2026-05-30 22:44:12,normal,0.0310948626144133,click_hold_std: 0.3436,689,4,4,0,32,72.956444087282,5795.9763069689125,831.0024067353836,0.14337574253645768,1039.5810068486105,1231.0432581416262,6932.04830571433,22153.78842300715,27721.98232062378,303085.2292150278,9.822831791726163,15.875639449396665,2.49542244275411,0.8217531838410606,0.2626456022262573,0.343569711309897,0,32.0,1.0,0.31485725218249905,1.1959277710064475
42,2026-05-30 22:44:16,normal,0.12168066461280957,,615,4,4,0,10,63.40294446757284,5657.506252115214,585.1034096636251,0.10342072701110461,1134.7289945581686,1304.2308148676243,6932.04830571433,21995.894317137674,27836.033016693258,303085.2292150278,12.573960577621248,19.629370667511854,1.815858284632365,0.18427387207696083,0.07024216651916504,0.015459388605920438,0,10.0,1.0,0.33772296375698513,0.5563020051997063
43,2026-05-30 22:44:20,normal,0.12444541359580247,,558,2,2,0,15,57.7010634165292,4330.967511979984,300.50790339024365,0.06938585952422921,962.0803971649852,1133.9477788869074,5291.117417389492,19146.056257938526,20778.255594408758,137170.20008794212,12.398003546731971,20.78667996825264,1.608156442642212,0.0,0.06788432598114014,0.019883275032043457,0,15.0,1.0,0.3965456485748291,0.6113766138723824
44,2026-05-30 22:44:24,normal,0.1327173922730001,,456,1,1,0,15,47.30026839885423,2798.25710388519,382.23683757586736,0.13659818357832718,757.4325750905355,970.7439786610591,5097.472046137468,17041.55300441592,19108.19303032545,134368.5992846845,13.839779165764787,22.192876570041665,0.0,0.0,0.0877676010131836,0.0,0.0,15.0,1.0,0.3965456485748291,0.6113766138723824
45,2026-05-30 22:44:28,anomaly,-0.030773530624579992,"path_length: 15604.8140, speed_mean: 5482.5066, speed_std: 6598.1437, speed_max: 29416.9385, acceleration_mean: 180612.2580",357,0,0,0,5,36.22686069347158,15604.814048759186,678.1246198155616,0.04345611666352939,5482.50655578099,6598.143675870613,29416.938513870395,180612.25804634584,237665.762650367,1109830.2377217012,15.573796284420913,22.621735104945575,0.0,0.0,0.0,0.0,0.0,5.0,1.0,0.17200952768325806,0.21035078739595892
46,2026-05-30 22:44:32,anomaly,-0.05687550064934255,"path_length: 15072.8639, speed_mean: 9073.5843, speed_std: 6583.3207, speed_max: 29416.9385, acceleration_mean: 300524.0421",209,0,0,0,3,21.336044816056514,15072.863874154871,487.46794766425415,0.032340764949128575,9073.584342435854,6583.320654029521,29416.938513870395,300524.04205796745,249535.45290841765,1109830.2377217012,17.09983807452404,22.438606319136507,0.0,0.0,0.0,0.0,0.0,3.0,1.0,0.03586244583129883,0.004079580307006836
47,2026-05-30 22:44:36,normal,0.12303117852603046,,201,2,2,0,3,20.817418061958943,1967.4047314100778,653.1194377753582,0.3319700452825762,1226.4811774282966,1108.140512277936,4851.7799178486575,23493.9058642576,23427.890978635634,161372.87896474026,7.405765376343391,14.079061974192978,1.407515287399292,0.0,0.05965125560760498,0.020223498344421387,0,3.0,1.0,0.03586244583129883,0.004079580307006836
48,2026-05-30 22:44:40,normal,0.11038681687581137,scroll_interval_std: 1.6790,342,3,3,0,13,36.68615396826789,2827.648071154571,1181.853628839037,0.4179634802843299,1031.5930372056266,1059.76436581747,4851.7799178486575,20352.822703627233,20888.037890344498,161372.87896474026,11.146393440258523,19.902278862115505,2.6921095848083496,1.2845942974090576,0.0634298324584961,0.017355552701101843,0,13.0,1.0,0.5779853065808614,1.6789831210783035
49,2026-05-30 22:44:44,normal,0.1127053557515964,,400,4,4,0,10,42.47798209780412,3012.3808883334177,1287.5503873635394,0.427419518013165,937.0914432773068,1024.2653630675586,4851.7799178486575,28747.664709085533,137202.2696579178,2426243.6677881805,11.43177313556261,19.272208653671413,2.8639725844065347,1.0766593954847954,0.06551367044448853,0.015457637252379083,0,10.0,1.0,0.08269980218675402,0.18870853681886987
50,2026-05-30 22:44:48,normal,0.11878058747579234,,386,2,2,0,0,39.21959793367217,2792.9131034178235,158.01265772082945,0.05657628858107389,896.9885753303896,1126.566488555352,4669.897439034695,27848.340717049443,139748.6552442068,2426243.6677881805,14.766703458318862,23.044449546409837,3.2076985836029053,0.0,0.07137608528137207,0.00038909912109375,0,0.0,0.0,0.0,0.0
51,2026-05-30 22:45:05,normal,0.08434917485979976,,22,0,0,0,0,23.10998687904301,121.66184685107572,105.62196741208714,0.8681601516486699,712.7473890562059,616.5434576628095,1821.5276746524992,21188.4647412977,25012.407006180292,113576.55492707014,18.088522226463212,22.236524030442297,0.0,0.0,0.0,0.0,0.0,0.0,0.0,0.0,0.0
52,2026-05-30 22:45:09,normal,0.11690610364001691,,175,1,1,0,0,32.542609780652285,988.2798604075571,797.6979378185705,0.8071579415668833,700.6280198657724,669.9298582612922,2520.3450259325627,14726.645617424672,16242.954251444766,113576.55492707014,12.643728399816068,20.77831014275485,0.0,0.0,0.0,0.0,0.0,0.0,0.0,0.0,0.0
53,2026-05-30 22:45:13,normal,0.1430143421243344,,306,1,1,0,3,32.74967209618773,2396.232305063626,496.9688118986945,0.20739592352899974,975.6638356462781,963.5887022968434,4144.938162801921,17145.300814963168,17190.48479035354,114278.65828688377,10.541076232825567,18.193830501640715,0.0,0.0,0.13709616661071777,0.0,0.0,3.0,1.0,0.04409909248352051,0.0037817955017089844
54,2026-05-30 22:45:17,normal,0.13144322381678553,,287,1,1,0,9,32.14157796999882,2668.4704804753806,916.9171173012313,0.343611489806657,1160.5839227625286,1109.2113019486399,5000.710324355469,20957.09365876741,22730.340851411223,159203.94247173925,10.628865666701046,19.30551906209251,0.0,0.0,0.13709616661071777,0.0,0.0,9.0,1.0,0.5619687736034393,1.0006309019988908
55,2026-05-30 22:45:21,normal,0.06376803044832818,"speed_max: 19833.5962, acceleration_mean: 88986.2805, acceleration_std: 966887.3281",314,1,1,0,9,32.52580007000754,2694.335446838228,991.8971720899299,0.368141677850065,1105.6107469604658,1527.0843599630643,19833.59621935152,88986.2804791319,966887.3280644226,16289743.931421403,10.767421647335954,19.99746415414899,0.0,0.0,0.13709616661071777,0.0,0.0,9.0,1.0,0.5619687736034393,1.0006309019988908
56,2026-05-30 22:45:37,normal,0.053097033072694144,"event_rate: 126.0313, straightness: 0.9923",124,0,0,0,0,126.03125787553456,1134.3971294824228,1125.705556528882,0.9923381567815617,1154.2130081462112,871.0626321513575,3549.5846843678264,19157.231726577425,17465.336479398866,109927.38319613089,4.537619390337345,6.172143581081079,0.0,0.0,0.0,0.0,0.0,0.0,0.0,0.0,0.0
57,2026-05-30 22:45:41,normal,0.06028937754390734,straightness: 0.9443,154,2,2,0,0,20.809832866936024,1222.0937324766046,1154.0017331009517,0.9442825066800214,998.869760397482,843.9119958203968,3549.5846843678264,17690.308420157362,16610.58323053801,109927.38319613089,6.136283595421018,9.157715373668422,3.432398557662964,0.0,0.11603450775146484,0.027920246124267578,0,0.0,0.0,0.0,0.0
58,2026-05-30 22:45:45,normal,0.07752844030774847,displacement: 1720.0270,174,3,3,0,11,26.914857402455354,2026.0169986979126,1720.0270346712578,0.8489696956030924,1463.4282992734898,1773.3071621165466,5836.621757598669,31190.880564582345,51911.97956760484,563143.4707607228,11.693892711229676,21.654031804378313,2.344334363937378,1.088064193725586,0.1039126714070638,0.02852317061292456,0,11.0,1.0,0.11684591770172119,0.17994942407992182
59,2026-05-30 22:45:49,normal,0.11223078824635324,click_interval_std: 1.9717,427,3,3,0,17,51.79699606881253,4753.281484701759,562.5415540206785,0.11834804141753343,1391.6393731780752,1686.4867723988732,6807.182936390848,25248.97224280428,38240.412899678464,563143.4707607228,12.325989449458874,21.333634553489077,3.227975845336914,1.971705675125122,0.08018255233764648,0.006277068931721385,0,17.0,1.0,0.1339920163154602,0.24526157765936854
60,2026-05-30 22:45:53,normal,0.1347766842863451,,426,2,2,0,12,46.080917707755916,4061.5133701447253,855.472384124701,0.21062897155850496,1188.9176390113018,1394.9903939752146,6807.182936390848,21830.249990353546,34443.85017409812,563143.4707607228,13.03514546998445,23.25882279165517,3.656743288040161,0.0,0.06406009197235107,0.008704304695129395,0,12.0,1.0,0.14396606792103162,0.27028824306944116
61,2026-05-30 22:45:57,normal,0.13426836052260432,,431,1,1,0,0,44.476258759996654,2986.5869812681294,99.24716620639605,0.033230964585620366,861.3832399873567,1011.9656717228125,5164.715340566608,16371.11778678817,17254.948969111603,103134.35644385297,14.715878888928305,23.87754971816904,0.0,0.0,0.05535578727722168,0.0,0.0,0.0,0.0,0.0,0.0
62,2026-05-30 22:46:01,normal,0.1039398487826369,click_interval_mean: 6.7748,346,2,2,0,8,35.99950122991515,2830.426478952877,167.88686666919483,0.05931504242120607,1015.6640546786884,1181.4845624437307,5164.715340566608,19594.77808129488,22737.060587736138,216496.3931141243,14.373412057790159,24.470273773827856,6.774787902832031,0.0,0.06767439842224121,0.012318611145019531,0,8.0,1.0,0.2617954526628767,0.31466439876751623
63,2026-05-30 22:46:29,normal,0.031333007276308056,"event_rate: 132.2894, straightness: 0.9986",19,0,0,0,0,132.28936678812425,238.3089113238684,237.96848530845423,0.9985714927170662,1655.8737649365264,656.9294707173625,2647.0272482015944,39221.286269887896,26389.09039455882,91127.69661188776,3.9464993831821733,3.020311939413876,0.0,0.0,0.0,0.0,0.0,0.0,0.0,0.0,0.0
64,2026-05-30 22:46:34,normal,0.12756468951454486,,222,2,2,0,6,65.16755402577078,1565.2160480016562,608.1060762728819,0.38851254882625536,889.8355272977831,1469.5688397136555,7146.145376737025,35888.00214533925,172314.6091790075,2394499.3010168388,12.802553724449838,18.998203503141575,1.2242534160614014,0.0,0.07988560199737549,0.00012362003326416016,0,6.0,1.0,0.10848608016967773,0.18646372918503984
65,2026-05-30 22:46:38,normal,0.049723289346629784,"acceleration_mean: 82544.1886, acceleration_std: 966687.2552, acceleration_max: 19885965.1692",441,4,4,0,11,61.63100193813542,3607.8484733962046,1178.2512465514305,0.3265800255303677,1058.7207039137538,1892.362249890703,16376.644703196178,82544.18862589318,966687.2551515471,19885965.169212896,15.870891856197469,27.736199987228606,0.9199086825052897,0.38595712645599745,0.07628828287124634,0.012005769922288061,0,11.0,1.0,0.5637789964675903,1.4769930000276341
66,2026-05-30 22:46:42,anomaly,-0.06172983939922616,"path_length: 6592.0698, speed_mean: 2515.4339, speed_std: 8779.4569, speed_max: 101318.9114, acceleration_mean: 176696.4034, acceleration_std: 1241999.1064, acceleration_max: 19885965.1692",334,4,4,0,5,34.70045254582268,6592.069817405268,391.637587573001,0.059410412574658546,2515.4338821909773,8779.456910292853,101318.91142634097,176696.40336039235,1241999.1064000945,19885965.169212896,16.87011248280136,30.69198960285962,0.9199086825052897,0.38595712645599745,0.07628828287124634,0.012005769922288061,0,5.0,1.0,0.02994680404663086,0.015440203409929586
67,2026-05-30 22:46:46,anomaly,-0.05211856016991523,"path_length: 6585.5551, speed_mean: 2510.4944, speed_std: 8780.7582, speed_max: 101318.9114, acceleration_mean: 176515.9730, acceleration_std: 1242023.4363, acceleration_max: 19885965.1692",334,3,3,0,5,35.581811419715706,6585.555098779507,374.5410524895769,0.056873118039660796,2510.49437066591,8780.758175524132,101318.91142634097,176515.97303269728,1242023.4362705273,19885965.169212896,17.373177904613147,31.780006801468087,0.7677363157272339,0.39239656925201416,0.07513038317362468,0.013668275497060563,0,5.0,1.0,0.02994680404663086,0.015440203409929586
68,2026-05-30 22:46:50,anomaly,-0.10139746229725188,"path_length: 58896.7205, speed_mean: 17682.4660, speed_std: 15245.0129, speed_max: 64807.5380, acceleration_mean: 788563.2871",417,0,0,0,0,47.734068509454,58896.72054631548,288.1405906844782,0.00489230279736694,17682.465982017085,15245.012926635694,64807.53804528045,788563.2870662941,780024.5280240291,4379006.625882312,20.165848603271762,42.16699679686077,0.0,0.0,0.0,0.0,0.0,0.0,0.0,0.0,0.0
69,2026-05-30 22:46:54,anomaly,-0.10623815433750894,"move_count: 773.0000, event_rate: 101.2211, path_length: 103582.9170, speed_mean: 16709.0170, speed_std: 13530.2432, speed_max: 64807.5380, acceleration_mean: 648162.1749",773,1,1,0,0,101.22105719955475,103582.91695519863,422.82502291136933,0.0040819957126158974,16709.017027331036,13530.243160442511,64807.53804528045,648162.1748695754,704045.1962293866,4381405.300333755,17.44741126916329,35.04217618413129,0.0,0.0,0.06393957138061523,0.0,0.0,0.0,0.0,0.0,0.0
70,2026-05-30 22:46:58,anomaly,-0.11171196449391296,"move_count: 852.0000, path_length: 104157.0737, speed_mean: 15240.8646, speed_std: 13683.8417, speed_max: 64807.5380, acceleration_mean: 589685.9630",852,1,1,0,0,92.02559991647152,104157.07370694901,119.70797801316336,0.0011493024309608348,15240.864599995195,13683.841684462213,64807.53804528045,589685.9629652589,695002.4115476136,4381405.300333755,17.28404708964765,34.32238685239815,0.0,0.0,0.06393957138061523,0.0,0.0,0.0,0.0,0.0,0.0
71,2026-05-30 22:47:02,normal,0.0347401448399714,"path_length: 7624.4068, speed_max: 19935.0942, click_interval_mean: 6.1601",494,2,2,0,10,50.836418005271064,7624.406761414851,1022.8206098822999,0.13415084502817062,1930.2866875974523,2473.1802929311198,19935.094165405793,41621.58374468045,72286.09131143377,536361.9308981685,8.92105150792539,17.21842262439755,6.160066604614258,0.0,0.06374502182006836,0.000194549560546875,0,10.0,1.0,0.22037172317504883,0.5219932196490187
72,2026-05-30 22:47:06,normal,0.10139141321905487,,438,2,2,0,19,59.044217919316964,4962.554426554296,1168.668045254939,0.23549727515359323,1413.194230599165,1897.039764059128,9912.019596706561,26597.865342939647,32152.449864339444,227336.7455433652,9.821765539317035,19.72177172777726,3.6073031425476074,0.0,0.06383180618286133,0.00028133392333984375,0,19.0,1.0,0.36975393030378556,0.9611010462985252
73,2026-05-30 22:47:10,normal,0.1154170565190678,,355,1,1,0,13,37.00002999308156,4125.738923100232,921.0499443569822,0.22324484450530171,1450.8313699393068,2128.1385067598935,9912.019596706561,27010.56876311858,32724.418452438033,227336.7455433652,9.559239783123079,17.47845032599325,0.0,0.0,0.06411314010620117,0.0,0.0,13.0,1.0,0.3986845413843791,1.0914939053314607
74,2026-05-30 22:47:14,normal,0.06145740264029714,"click_interval_mean: 7.0639, scroll_interval_std: 1.9489",339,2,2,0,11,35.714291081659695,4117.705696704366,949.6409847937272,0.2306238120790854,1509.6440466409615,2119.659133028222,9912.019596706561,28806.260784417133,33404.478529185806,227336.7455433652,7.965748263540013,14.843753749377546,7.063933372497559,0.0,0.0640723705291748,4.076957702636719e-05,0,11.0,1.0,0.7288748025894165,1.9489157622037325
75,2026-05-30 22:47:26,normal,0.11622155553645108,,198,0,0,0,0,74.12010483013299,1552.800054432515,170.7629936490925,0.10997101214779348,977.6413084959461,1250.3254363512049,5521.9148702680695,21694.398925088433,25688.95331944937,160003.05092255672,17.10916194877203,25.010394125816322,0.0,0.0,0.0,0.0,0.0,0.0,0.0,0.0,0.0
76,2026-05-30 22:47:31,normal,0.12501890993089565,,228,0,0,0,0,28.24774600989689,2101.118439780432,589.2266117547645,0.28043474399108076,1148.7151787955981,1364.9174506173879,5521.9148702680695,25050.90239560049,28104.393148135285,160003.05092255672,16.398856683536614,25.288482678212873,0.0,0.0,0.0,0.0,0.0,0.0,0.0,0.0,0.0
77,2026-05-30 22:47:35,normal,0.10438635943769525,,378,2,2,0,8,39.18796714798848,3481.511522851713,704.4948544879516,0.20235315892647066,1147.290436387585,1477.275619029894,6922.772919833893,25357.342185138914,30471.856894186447,233415.1943353737,11.92251292988258,21.415584127666502,2.800509214401245,0.0,0.23994457721710205,0.12775695323944092,0,8.0,1.0,0.33957294055393766,0.7735251338402996
78,2026-05-30 22:47:39,normal,0.03939902335594159,"click_hold_mean: 0.8665, click_hold_std: 0.8923",630,3,3,0,8,74.26707529436963,4195.176455051505,209.84756372185979,0.05002115309576017,825.5642643918519,1140.8566597320523,6922.772919833893,19449.42186192644,24051.13882963849,233415.1943353737,10.972376598106665,20.171957946441786,2.3925588130950928,0.40795040130615234,0.8665498097737631,0.8922720779011993,0,8.0,1.0,0.33957294055393766,0.7735251338402996
79,2026-05-30 22:47:43,normal,0.039779609637884406,"click_hold_mean: 1.2437, click_hold_std: 0.8760",684,3,3,0,6,69.50004639628646,2527.0048470585652,264.6148144001012,0.10471480286557935,451.21777109233363,499.5719417213021,3310.47771324536,13525.026040950075,14287.56108550845,99486.9431652593,9.894677015660113,18.622471085926165,2.6399766206741333,0.6553682088851929,1.243730902671814,0.876029372215271,0,6.0,1.0,0.011286163330078125,0.0038499439312856204
80,2026-05-30 22:47:47,anomaly,-0.001519564285844044,"click_interval_std: 2.0846, click_hold_mean: 0.7756, click_hold_std: 1.4080",685,5,5,0,11,70.70024273002036,2845.8217214050546,627.3452000294575,0.22044430798698142,510.3842696076803,596.9983089071593,3511.4740226806084,14760.328394787046,15722.390287751197,132998.45783343413,8.131832545379961,16.211389285210938,1.8321369886398315,2.0845822473699207,0.7755545139312744,1.4079680870222075,0,11.0,1.0,0.046232962608337404,0.0887287431644661
81,2026-05-30 22:47:51,normal,0.07146562599445677,left_click_count: 6.0000,609,6,6,0,34,65.64918636516393,4206.940525797865,494.28129642947243,0.11749186692762427,844.8684280076986,1031.7667356498341,6992.60447869101,21163.454696632456,33265.9298426474,608603.3624945225,9.58847993870217,16.899698220593052,1.0965649604797363,0.8441981379809906,0.0739132563273112,0.011615654224367705,0,34.0,1.0,0.1805424401254365,0.7268516844899597
82,2026-05-30 22:47:55,normal,0.068329955491781,"left_click_count: 6.0000, scroll_count: 41.0000, scroll_abs_total: 41.0000",568,6,6,0,41,62.1481754214162,5134.692019715157,708.3572544980393,0.137955159097806,1108.473446382025,1461.5295964585616,9053.20174978127,25148.202653998247,38504.910818983095,608603.3624945225,8.121185313679922,17.001483053872853,1.6174068927764893,1.1823438751963053,0.07405277093251546,0.011697307700541977,0,41.0,1.0,0.17019161581993103,0.4799185202329837
83,2026-05-30 22:47:59,normal,0.08148615650101598,"scroll_count: 45.0000, scroll_abs_total: 45.0000",496,3,3,0,45,54.74346922021817,4855.633423199932,1178.8965179353106,0.24278943964398386,1214.964734894081,1577.2836604556742,9053.20174978127,25785.333257019633,30548.01357116161,204215.92427557605,11.95401957491774,25.10075644315996,3.0436208248138428,0.2733149528503418,0.07946006457010905,0.01236877077041207,0,45.0,1.0,0.21417505090886896,0.4988231608072264
84,2026-05-30 22:48:03,normal,0.11789860388580253,,273,1,1,0,15,29.022716898817734,3579.6785599016357,353.9519741433857,0.09887814456533543,1637.5749866316498,2091.7784415880915,9053.20174978127,32169.931053721873,40663.77198448655,244148.22446796444,13.109104176966808,29.24110567178409,0.0,0.0,0.08122372627258301,0.0,0.0,15.0,1.0,0.2205038070678711,0.3793346589564799
85,2026-05-30 22:48:07,anomaly,-0.034785176118308114,"click_count: 21.0000, left_click_count: 21.0000, straightness: 0.9693, double_click_count: 20.0000",129,21,21,0,1,17.269055156706283,1295.023796133049,1255.2947860960787,0.9693217914947961,1260.1504347133027,2034.3305757194503,7162.362196378625,25012.358114359115,38382.12285909816,244148.22446796444,4.0738826825415675,12.827945937595791,0.15795159339904785,0.01985328731333886,0.06858542987278529,0.013269622440940185,20,1.0,1.0,0.0,0.0
86,2026-05-30 22:48:11,anomaly,-0.015646887903508433,"click_count: 30.0000, left_click_count: 30.0000, double_click_count: 29.0000",284,30,30,0,0,56.58083178620796,1846.3917364112915,1231.0328996415976,0.6667235751576067,827.1449377550935,1467.5331198950262,7162.362196378625,45531.74761242287,375704.9763474355,6134074.806725081,10.077497044272341,16.900414794111775,0.156348442209178,0.019837265680793456,0.06544059117635091,0.01634581222634107,29,0.0,0.0,0.0,0.0
87,2026-05-30 22:48:15,anomaly,-0.022141557533761458,"click_count: 26.0000, left_click_count: 26.0000, double_click_count: 24.0000",359,26,26,0,0,41.49741131495427,1458.0467821821278,629.5792245619291,0.4317963128862672,516.081912182632,577.5792249885172,4752.601551503366,35594.85467510378,333724.3919953854,6134074.806725081,11.793750090508814,18.682252748884597,0.392968111038208,1.1578667607161497,0.06576038323915921,0.017097399178373798,24,0.0,0.0,0.0,0.0
88,2026-05-30 22:48:19,normal,0.14278957917941892,,365,2,2,0,2,58.84863707766403,3227.5071429398245,336.3004608976919,0.10419820809176195,1107.3119566230364,1282.0455011588506,6429.858309861789,23629.129418839417,25731.819898767822,150004.56600380552,11.43687857720307,18.935303706260736,2.1442582607269287,0.0,0.06369972229003906,0.01632976531982422,0,2.0,1.0,0.05568695068359375,0.0
89,2026-05-30 22:48:23,anomaly,-0.018842728754889904,"click_count: 22.0000, right_click_count: 20.0000, double_click_count: 19.0000",667,22,2,20,2,71.2005415194689,4220.216702837961,257.70137756713683,0.06106354145128161,787.7376525563477,1030.1937321647163,6429.858309861789,19593.80288381643,21419.45414021674,150004.56600380552,11.860798490026943,18.649560146632584,0.4232200100308373,0.8049292132312196,0.06743670645214263,0.022374927738406474,19,2.0,1.0,0.05568695068359375,0.0
90,2026-05-30 22:48:28,anomaly,-0.053532097140256196,"move_count: 800.0000, click_count: 40.0000, right_click_count: 39.0000, double_click_count: 38.0000",800,40,1,39,2,88.98320120346743,3688.6226811414012,234.6763729053268,0.06362168028330535,573.355513028879,768.2631677029774,5398.900678154144,18893.14626136953,42945.98417934437,784968.0173683813,15.411962955529374,22.759154776128966,0.18294555712968874,0.11616565096734689,0.0706235110759735,0.019579650147420746,38,2.0,1.0,0.05568695068359375,0.0
91,2026-05-30 22:48:32,anomaly,-0.06469903381716202,"move_count: 835.0000, click_count: 40.0000, right_click_count: 39.0000, double_click_count: 38.0000",835,40,1,39,0,92.16781443303722,2737.932466395772,233.21449354617735,0.08517905259116273,404.7002379790613,423.5242097100689,2878.3490860410025,15767.017371409942,40486.45337110343,784968.0173683813,17.16265291923036,23.77056974357664,0.18294555712968874,0.11616565096734689,0.0706235110759735,0.019579650147420746,38,0.0,0.0,0.0,0.0
92,2026-05-30 22:48:36,normal,0.020116992908505993,"click_count: 7.0000, right_click_count: 6.0000, double_click_count: 5.0000",513,7,1,6,6,53.30043206565147,4364.031390624838,358.235955761004,0.08208830865208604,1058.2723947833442,1422.4245801901197,6089.275356904457,19628.966856614512,23177.630635451675,197919.096094296,15.100967606795068,24.189628635563707,0.2799649238586426,0.261915540248736,0.06525485856192452,0.016781350074213254,5,6.0,1.0,0.03198151588439942,0.008930582429569704
93,2026-05-30 22:48:40,normal,0.09430103269730966,path_length: 6654.5113,448,2,2,0,11,71.36852476702526,6654.511338518149,1172.4644983964333,0.17619092353331567,1857.53957410216,1799.6805403121357,6400.49902064701,28108.534346654116,28047.73462714177,197919.096094296,11.80055690382144,25.49491559193352,2.5487051010131836,0.0,0.054108262062072754,0.009393572807312012,0,11.0,1.0,0.2759817838668823,0.6910075165859044
94,2026-05-30 22:48:44,normal,0.012863030173749235,"path_length: 6758.6875, acceleration_mean: 83750.4408, acceleration_std: 1171155.5024, acceleration_max: 26223240.5252",508,2,2,0,33,54.54253463185485,6758.687457730349,789.6150961069577,0.11682965088196581,1687.9409065777566,1857.5821654774875,15096.555345965673,83750.44080674142,1171155.5024314942,26223240.525186542,15.428825738714718,32.95350737479242,2.5487051010131836,0.0,0.054108262062072754,0.009393572807312012,0,33.0,1.0,0.29926419258117676,0.8756522240920156
95,2026-05-30 22:48:48,anomaly,-0.01078741681540063,"acceleration_mean: 108688.3900, acceleration_std: 1415482.2612, acceleration_max: 26223240.5252, click_interval_mean: 9.3039",348,2,2,0,22,37.4274573054621,3947.5515463374973,131.0267148332736,0.03319189459472391,1453.521607679106,2088.6703147803455,15096.555345965673,108688.38995477979,1415482.261236907,26223240.525186542,18.400814003917745,36.7492878233182,9.303875923156738,0.0,0.06780028343200684,0.00429844856262207,0,22.0,1.0,0.10668601308550153,0.18060126809763155
96,2026-05-30 22:48:52,normal,0.008066292336340763,"acceleration_mean: 129618.4314, acceleration_std: 1578394.2610, acceleration_max: 26223240.5252",280,1,1,0,27,31.792575926353393,3111.153314343886,676.6306230137682,0.2174854642791731,1433.4618974627126,2099.891373676997,15096.555345965673,129618.43144171538,1578394.2609795686,26223240.525186542,22.90134531084131,41.22849590457699,0.0,0.0,0.0720987319946289,0.0,0.0,27.0,1.0,0.2981541340167706,0.9207851283753027
97,2026-05-30 22:49:00,normal,0.057446447244808796,"scroll_interval_mean: 1.5893, scroll_interval_std: 3.4857",50,0,0,0,7,5.700012366798529,88.30818634429325,13.92838827718412,0.15772476883264872,216.07373281636998,154.0624490334441,591.2901593354524,13024.682525685559,9853.838607931084,44597.30562251113,27.10520481461726,25.890242344588696,0.0,0.0,0.0,0.0,0.0,7.0,1.0,1.589271903038025,3.4857262291640327
98,2026-05-30 22:49:04,normal,0.146157557753261,,318,2,2,0,5,47.97726369988118,2507.746389306646,511.4782497819433,0.2039593205927651,984.6276515885378,1229.2510296975515,5814.432826066306,22239.317680337717,24768.01097494298,164218.78309900805,12.6920399644589,20.264124120608578,1.2244665622711182,0.0,0.06797182559967041,0.020215392112731934,0,5.0,1.0,0.026080071926116943,0.008842944962882262
99,2026-05-30 22:49:08,normal,0.07880809468799593,scroll_interval_std: 3.2519,471,3,3,0,7,49.75401051694103,4351.48710979985,466.4354188952636,0.10718988868077277,1146.7572225714473,1422.9902116301705,6408.91829221522,24473.6855260162,28063.530548041468,180073.62708761124,10.98981076664107,17.94774138419342,1.9759082794189453,0.7514417171478271,0.06673216819763184,0.016598641102909432,0,7.0,1.0,1.4974071582158406,3.2518772717192572
100,2026-05-30 22:49:12,normal,0.13561345852012985,,512,3,3,0,4,59.04946536665929,4515.669980131218,578.6752111504345,0.12814825124435225,1094.161650680797,1378.5892562002964,6408.91829221522,23212.699618744235,27513.554377491793,180073.62708761124,11.486835968244039,18.83463858235546,1.9759082794189453,0.7514417171478271,0.06673216819763184,0.016598641102909432,0,4.0,1.0,0.273285706837972,0.2940465125483153
101,2026-05-30 22:49:16,normal,0.07303233124295877,click_interval_mean: 9.5769,197,2,2,0,4,20.59876722042399,2071.2436301241837,933.2148734348376,0.4505577518077319,1313.6094262972274,1777.7886557640106,7785.269818426985,26263.135388137678,37399.001243228035,210334.10068443182,14.601784019734234,22.046823181554018,9.57694959640503,0.0,0.05972743034362793,0.004525423049926758,0,4.0,1.0,0.273285706837972,0.2940465125483153
102,2026-05-30 22:49:20,normal,0.12547474533892122,,223,2,2,0,4,23.100222503897943,2373.3260715405963,509.65969038172915,0.2147449086298091,1317.2829272563142,1735.1419662095059,7785.269818426985,31088.544187305422,65739.43053699328,797982.2518279012,14.163262169448117,21.513764857187162,0.8947830200195312,0.0,0.05959188938140869,0.0043898820877075195,0,4.0,1.0,0.273285706837972,0.2940465125483153
103,2026-05-30 22:49:37,normal,0.12157939951620528,,195,1,1,0,7,71.22556181493914,2486.333577217364,152.89865924853626,0.06149563383190771,1596.5924445019916,2049.823219395034,9292.038894396326,29555.010005158274,55857.27692718508,707056.8628565763,9.120304711366789,18.754933655710698,0.0,0.0,0.07969069480895996,0.0,0.0,7.0,1.0,0.15992228190104166,0.18537793650146253
104,2026-05-30 22:49:57,normal,0.13433926434558296,,231,1,1,0,4,63.84959693599028,1346.924247564285,621.3509475328738,0.4613109821554522,726.930654201668,617.5075052443185,2921.120587304389,14738.910536715297,12683.361245366836,64563.056895571586,11.541520795892511,19.641303713584986,0.0,0.0,0.07192111015319824,0.0,0.0,4.0,1.0,0.21593244870503744,0.20461097026122912
105,2026-05-30 22:50:01,normal,0.13513080779713404,,237,1,1,0,4,63.29032874628419,1350.924247564285,622.2611991760373,0.46061886911717925,709.7592211635126,618.868529005693,2921.120587304389,14460.616461769408,12668.073283512926,64563.056895571586,11.847077683601254,20.27019865667933,0.0,0.0,0.07192111015319824,0.0,0.0,4.0,1.0,0.21593244870503744,0.20461097026122912
106,2026-05-30 22:50:05,normal,0.1274695712636172,,146,1,1,0,0,14.811197993745319,778.5012314415803,275.5249534978638,0.3539171710591437,662.415288974696,630.5932354849485,2921.120587304389,14805.09661463542,13177.739255231048,64563.056895571586,13.122257378340963,23.876624465259983,0.0,0.0,0.07192111015319824,0.0,0.0,0.0,0.0,0.0,0.0
107,2026-05-30 22:50:09,normal,0.10463523279462095,,90,0,0,0,4,12.278126832892292,205.65038504943763,154.65122049308243,0.752010361934916,275.7574146684279,243.22521630735474,912.9367067016125,13870.969535559061,26745.89852094407,232203.38487100048,18.873092490611377,24.942817685627414,0.0,0.0,0.0,0.0,0.0,4.0,1.0,0.9945485591888428,1.2319426598287102
108,2026-05-30 22:50:13,normal,0.10317446918327627,,149,1,1,0,4,18.81649110035297,532.3022116807888,446.3630809105968,0.8385519938028587,441.18232166477407,399.5723811616338,1735.5733020940588,15411.778422085055,22706.831500261407,232203.38487100048,15.867888793805005,20.477538696871523,0.0,0.0,0.0,0.0,0.0,4.0,1.0,0.9945485591888428,1.2319426598287102
109,2026-05-30 22:50:17,normal,0.11700823822433759,,244,1,1,0,3,24.95947768294651,970.51123336168,72.71863585079137,0.07492817532766398,494.30287966109614,427.530378570279,1735.5733020940588,14610.919393162954,12685.490230669571,58550.2868162485,16.287687358133418,23.3137570904686,0.0,0.0,0.08740544319152832,0.0,0.0,3.0,1.0,1.423935055732727,1.3127855062484741
110,2026-05-30 22:50:25,normal,0.11415581998240648,,271,4,4,0,0,28.91765461356256,2002.5657228978746,979.0857980790039,0.48891568795164814,920.7964144713088,1247.892904001481,5619.156090937848,18011.17661984598,22912.817527455656,131549.13503312803,15.317567364804852,27.926516851085896,0.8507760365804037,0.3389491699584234,0.07778102159500122,0.011981943830805671,0,0.0,0.0,0.0,0.0
111,2026-05-30 22:50:29,normal,0.10880513459969055,,548,5,5,0,4,70.74873483900272,5877.05676344095,188.06647760831805,0.03200011250158613,1340.4752097434778,1386.7734182769195,6148.017662260475,22644.610592227396,26006.35190981631,181270.08601491415,10.147822212783865,21.508049574605423,1.0981019735336304,0.5193026690967442,0.07657537460327149,0.010984895131330726,0,4.0,1.0,0.18934973080952963,0.24069029054531316
112,2026-05-30 22:50:33,anomaly,-0.07872802547645141,"move_count: 716.0000, path_length: 7901.9512, speed_max: 57041.7663, acceleration_mean: 103625.6417, acceleration_std: 1826898.0948, acceleration_max: 48317127.8208",716,5,5,0,4,73.0572745633648,7901.95123799579,252.01785651020842,0.0318931171453456,1443.1885482678163,2585.16897733158,57041.766256337636,103625.64170263153,1826898.0947527532,48317127.82081241,10.470126151887076,20.47863013087621,2.2137398719787598,1.6537103764975272,0.08130049705505371,0.012946383537857186,0,4.0,1.0,0.18934973080952963,0.24069029054531316
113,2026-05-30 22:50:41,normal,0.11753428395077747,,191,1,1,0,0,19.314414305605748,797.0769342200772,104.66135867644753,0.13130647015755945,522.3865629438602,447.33401501204366,2045.1404445608403,16331.139984990701,15382.213928911595,68972.68877064763,14.850543634875267,21.66864430205473,0.0,0.0,0.0957179069519043,0.0,0.0,0.0,0.0,0.0,0.0
114,2026-05-30 22:50:45,normal,0.11755002307904222,,174,1,1,0,0,17.613929281719813,677.7652459626948,143.54441821262157,0.21179076246190773,485.345372280786,454.95318258539857,2045.1404445608403,16339.004047892418,15763.60100503912,68972.68877064763,16.83054860591203,25.833877045472494,0.0,0.0,0.0957179069519043,0.0,0.0,0.0,0.0,0.0,0.0
115,2026-05-30 22:50:49,normal,0.10026861430585904,,221,1,1,0,0,24.495958400362465,559.4707094944102,277.77148881769705,0.4964897788281306,311.3943717333362,262.22579067393985,1161.3830552039228,12221.147212480791,12783.90803993855,89268.25604601692,26.439382434462136,35.08949739665109,0.0,0.0,0.07936549186706543,0.0,0.0,0.0,0.0,0.0,0.0
116,2026-05-30 22:50:53,normal,0.1246121518673658,,423,2,2,0,22,56.35073591825928,2975.8391742587746,365.0164379860173,0.12266000163699572,875.7906799255663,1003.563783334453,4274.599679951559,18076.03580580928,19605.012953327947,107625.69229602707,18.34977808218534,30.0142152479711,1.1755914688110352,0.0,0.08340811729431152,0.004042625427246094,0,22.0,1.0,0.10584477015904017,0.1705715772758455
117,2026-05-30 22:50:58,normal,0.12169085063660012,,495,2,2,0,22,57.077630591484954,3145.476755372134,495.58147665141803,0.15755369223600793,788.2958410036597,953.8434092493104,4274.599679951559,16865.804377281427,18698.311705573535,107625.69229602707,18.265881539398077,29.092712050676774,1.1755914688110352,0.0,0.08340811729431152,0.004042625427246094,0,22.0,1.0,0.10584477015904017,0.1705715772758455
118,2026-05-30 22:51:02,normal,0.07465297135105337,"click_interval_mean: 4.8081, click_interval_std: 3.8075",449,3,3,0,22,47.7009450789776,3732.3785865235773,835.5656766526495,0.22386948624922706,1034.3015316886392,1220.7271510611026,5165.408505601325,22205.971682342883,26511.485394244315,214850.0852598724,15.737713723556416,26.00991347262389,4.808119773864746,3.807476758956909,0.09564805030822754,0.011727702752060884,0,22.0,1.0,0.10584477015904017,0.1705715772758455
119,2026-05-30 22:51:58,normal,0.13293913844780975,,228,1,1,0,0,65.94528637349157,2622.5632562386504,454.27964955520514,0.17321971108782522,1437.8050483809043,1466.63775506248,5363.753816184431,28270.48994292165,29073.953463420963,132304.3585184284,16.652000890333035,32.27379792049111,0.0,0.0,0.0793449878692627,0.0,0.0,0.0,0.0,0.0,0.0
120,2026-05-30 22:52:02,anomaly,-0.0032413315258258413,"speed_max: 41454.9745, acceleration_mean: 124360.7867, acceleration_std: 1459621.6034, acceleration_max: 26683433.5482",398,2,2,0,2,62.49986642465364,4589.17189529262,201.55644370746373,0.04392000306508716,1501.5944515021577,2437.116157683795,41454.97449498879,124360.78672546256,1459621.6033805346,26683433.548217837,14.58364602478973,28.133962863592224,2.5193653106689453,0.0,0.07987499237060547,0.0005300045013427734,0,2.0,1.0,0.039894819259643555,0.0
121,2026-05-30 22:52:06,anomaly,-0.011993476409602244,"speed_max: 41454.9745, acceleration_mean: 139715.9867, acceleration_std: 1574670.0591, acceleration_max: 26683433.5482",342,2,2,0,2,34.826979403848405,4002.3506999739507,364.3103072931097,0.09102408424516142,1534.5647338888612,2561.9894298867707,41454.97449498879,139715.98666719146,1574670.0591037301,26683433.548217837,13.047799768214025,27.651357449971186,2.5193653106689453,0.0,0.07987499237060547,0.0005300045013427734,0,2.0,1.0,0.039894819259643555,0.0
122,2026-05-30 22:52:10,normal,0.13345157628847565,,317,1,1,0,2,32.305955178092375,2990.976970713085,908.8509228690918,0.3038642329139735,1178.5106185748818,1392.0392480598887,7685.6040604901855,25451.392112205715,25357.74441756509,172586.39909374484,17.973671323351912,36.27722093153771,0.0,0.0,0.06404709815979004,0.0,0.0,2.0,1.0,0.039894819259643555,0.0
123,2026-05-30 22:52:14,normal,0.13083586561480448,,290,1,1,0,2,49.801427447303496,2966.141762481386,904.377133722431,0.30490017205578734,1277.3952450411061,1498.0204174341745,7685.6040604901855,25476.565493592636,25805.940535697504,172586.39909374484,18.978998236607335,37.878910180437785,0.0,0.0,0.06404709815979004,0.0,0.0,2.0,1.0,0.04800081253051758,0.0
124,2026-05-30 22:52:22,normal,0.13593063236562358,,223,1,1,0,3,62.50167067396617,2572.618852182001,737.905820548937,0.2868306045114582,1448.4564614960145,1087.5109537337855,4775.707725240857,24188.28327424567,20186.968719761717,137017.4495893324,7.097344642542391,12.98443816384169,0.0,0.0,0.09393787384033203,0.0,0.0,3.0,1.0,0.10403680801391602,0.056174516677856445
125,2026-05-30 22:52:26,normal,0.1305288991927976,,291,1,1,0,10,38.06604018914017,2934.3214822384043,847.3659185971549,0.28877746481641614,1264.3057219772663,1034.871093544809,4775.707725240857,22885.496733284315,19454.77936221234,137017.4495893324,8.254436743701337,14.418111486503351,0.0,0.0,0.09393787384033203,0.0,0.0,10.0,1.0,0.5670804977416992,1.0289246556617901
126,2026-05-30 22:52:46,normal,0.10075499394142462,,85,0,0,0,4,51.049090774575305,160.5480984278582,124.4025723206719,0.7748616990102303,227.0941237582313,160.9532397979942,730.1186630551161,9402.805905710884,9554.751361873841,46851.46042967108,26.002501266316173,32.69695145602061,0.0,0.0,0.0,0.0,0.0,4.0,1.0,0.22392988204956055,0.20546810063526408
127,2026-05-30 22:53:22,normal,0.06902360869062169,"speed_mean: 3132.2560, speed_std: 2895.7952",80,0,0,0,4,59.67192373029194,1980.5082987037813,865.5038994712849,0.4370109936109567,3132.2560050891448,2895.795213593308,9471.82962004105,69424.39354584522,63538.90343395786,286074.30681835685,7.873978217211992,14.583731048776025,0.0,0.0,0.0,0.0,0.0,4.0,1.0,0.02852797508239746,0.0034752987714117643
128,2026-05-30 22:53:26,normal,0.12447162699826148,,222,0,0,0,4,63.198486190192426,2739.6566170449455,497.944776054534,0.18175444796860282,1539.9511441194968,2199.0297809319377,9471.82962004105,42215.1269339076,72255.92484970987,681273.8536748309,8.645121557809185,15.74515527691612,0.0,0.0,0.0,0.0,0.0,4.0,1.0,0.02852797508239746,0.0034752987714117643
129,2026-05-30 22:53:30,normal,0.08805240010728843,path_length: 7366.7483,573,3,3,0,4,60.93248327980567,7366.74831766188,789.5885004228469,0.10718277133613995,1595.9457850788428,1939.2392055807031,9471.82962004105,33935.24924170367,63925.09665785968,809589.4509530052,9.563365279726552,17.272761759010766,1.5530487298965454,0.8227478265762329,0.08199524879455566,0.010243672832359847,0,4.0,1.0,0.02852797508239746,0.0034752987714117643
130,2026-05-30 22:53:35,normal,0.09335709630083278,path_length: 6624.8113,647,4,4,0,0,65.50130712018155,6624.811345798783,347.84191811798644,0.052505935635220054,1266.4001903389462,1614.5787721600434,9247.669955905834,27623.340045054178,56777.23459159865,809589.4509530052,9.744794325045374,18.109571221980946,1.5146766503651936,0.673959066807768,0.07948142290115356,0.00988218531952002,0,0.0,0.0,0.0,0.0
131,2026-05-30 22:53:59,normal,0.08775909250602804,,26,0,0,0,0,56.0210991142605,45.51146791745521,36.76955262170047,0.8079184061562226,220.38871732231166,157.72880661959917,662.2933838623086,11782.589646556415,9587.682225791617,37996.24723392583,19.32825267959573,23.691155980403185,0.0,0.0,0.0,0.0,0.0,0.0,0.0,0.0,0.0
132,2026-05-30 22:54:03,normal,0.13078072928326212,,172,1,1,0,0,31.47816956459554,2282.238554083655,608.5926387987288,0.2666647786270028,1667.3331744813943,2150.6554050518,9080.739163880164,33782.109732360965,36360.73547542392,191742.81587503792,12.54050944994358,23.407572131018945,0.0,0.0,0.07908821105957031,0.0,0.0,0.0,0.0,0.0,0.0
133,2026-05-30 22:54:23,normal,0.06612803999246275,"event_rate: 117.0942, straightness: 0.9829",44,0,0,0,0,117.09421119286125,447.2477146621714,439.6020928066653,0.98290517401239,1295.2269421352144,549.7577518626307,2003.238823207383,21882.8049931558,18918.197852834983,68821.5853935069,8.200502516727955,27.041539926770344,0.0,0.0,0.0,0.0,0.0,0.0,0.0,0.0,0.0
134,2026-05-30 22:54:27,normal,0.10068266816499383,,215,2,1,1,0,49.231738134088324,1284.3907590589972,607.4948559452994,0.4729828922082697,746.2794549061633,603.4567665574727,2248.7624452051245,16699.570743504177,14975.596365564676,73764.53236964218,23.162086837563596,34.26870942440777,0.8322088718414307,0.0,0.08794271945953369,0.008045792579650879,0,0.0,0.0,0.0,0.0
135,2026-05-30 22:54:31,normal,0.08592687288254502,,249,2,1,1,0,46.10293918051764,1349.2485313284947,604.5990406872971,0.44810057350368054,672.491423482074,603.5017791160586,2248.7624452051245,19736.700684087922,52352.424746793025,776961.9186491072,31.700221171811343,44.888944993871725,0.8322088718414307,0.0,0.08794271945953369,0.008045792579650879,0,0.0,0.0,0.0,0.0
136,2026-05-30 22:54:39,normal,0.12782933958905823,,116,0,0,0,5,60.50508500157906,799.9037800991696,567.1516552034385,0.7090248468798644,866.1822501571465,798.1297885493515,3187.018491965263,25539.38416010358,23150.76077613281,115505.23489348237,14.146869954181346,21.836464592474066,0.0,0.0,0.0,0.0,0.0,5.0,1.0,0.09203702211380005,0.07848685619374698
137,2026-05-30 22:54:43,normal,0.13032951096374445,,333,1,1,0,5,53.5245578977869,1976.5590685577204,1078.8350198246255,0.5458147125407403,735.4304934599168,881.8616776158414,4379.9089341288845,19402.656347324773,21238.001207275887,115505.23489348237,16.88503511685524,25.071451848462818,0.0,0.0,0.09510016441345215,0.0,0.0,5.0,1.0,0.09203702211380005,0.07848685619374698
138,2026-05-30 22:54:47,normal,0.12451509648638909,,519,3,3,0,5,52.942173955827045,3012.318187917205,593.8114178760795,0.19712772052365962,719.3696521775353,858.1134892376159,4379.9089341288845,19636.111353419252,40736.44707610223,755544.3973136807,16.34592040236836,23.934084408065928,2.203767418861389,1.1240962743759155,0.09549081325531006,0.00039064884185791016,0,5.0,1.0,0.09203702211380005,0.07848685619374698
139,2026-05-30 22:54:51,normal,0.07814834225154477,click_hold_std: 0.6488,518,3,3,0,0,52.48368501392272,2930.86476373288,306.6153942645411,0.10461601574342928,700.8267123425101,850.3008071699098,4379.9089341288845,18865.77054346111,40368.79656794675,755544.3973136807,15.224189704722937,22.98805155152118,2.203767418861389,1.1240962743759155,0.5542797247568766,0.6488255793133182,0,0.0,0.0,0.0,0.0
140,2026-05-30 22:55:43,normal,0.042628306730338184,"event_rate: 128.3128, straightness: 0.9912",36,0,0,0,0,128.31282865329902,308.7459223653338,306.04084694693944,0.9912385064143665,1101.6149934361001,372.68306941519336,1939.771844360856,19751.04943433645,20519.784645364067,90934.53083636095,3.956576727333255,4.581122953254495,0.0,0.0,0.0,0.0,0.0,0.0,0.0,0.0,0.0
141,2026-05-31 23:57:08,normal,0.13093667756087346,,205,2,2,0,0,56.91902697442951,1226.1685578165045,389.59466115438494,0.3177333643656255,744.8754437089274,728.9256254701619,3820.9062499071383,15588.961878369151,16273.873134235348,84392.09301055977,12.198684915268663,20.159742264360936,0.8399698734283447,0.0,0.08031094074249268,0.0003496408462524414,0,0.0,0.0,0.0,0.0
142,2026-05-31 23:57:12,anomaly,-0.08690242488968447,"speed_std: 17045.7272, speed_max: 302901.1709, acceleration_mean: 1252102.0144, acceleration_std: 19350843.6394, acceleration_max: 339759151.8606",315,2,2,0,0,45.93955205070692,1893.8234854865466,706.8132709563397,0.37322024801838943,1602.219785123825,17045.72718141854,302901.17086229863,1252102.0144158285,19350843.639425498,339759151.8606052,15.05218843593405,25.898980968005958,0.8399698734283447,0.0,0.08031094074249268,0.0003496408462524414,0,0.0,0.0,0.0,0.0
143,2026-06-01 00:07:21,anomaly,-0.002127486741489548,"speed_mean: 3908.5553, speed_std: 6310.3023, speed_max: 23531.9716, acceleration_mean: 148993.9347",163,1,1,0,0,41.337263695496524,5069.525312893426,832.3845265260521,0.16419378051215797,3908.5552749297644,6310.302312758561,23531.97162823406,148993.9346595048,231795.48348307723,943114.5088983956,16.802160548833303,31.965445181974765,0.0,0.0,0.09608960151672363,0.0,0.0,0.0,0.0,0.0,0.0
144,2026-06-01 00:07:25,anomaly,-0.15007085563326128,"path_length: 13806.5169, speed_mean: 4289.2772, speed_std: 17882.6694, speed_max: 369254.7395, acceleration_mean: 669008.3464, acceleration_std: 9858473.4405, acceleration_max: 206413836.2109, click_interval_std: 3.0163",460,3,3,0,0,57.61812852436655,13806.516892137002,334.0808285430339,0.024197328779809586,4289.2771904218125,17882.669449847435,369254.7394869129,669008.3463606018,9858473.440504244,206413836.21085656,14.16762108804765,26.801398133121467,3.399900794029236,3.016320824623108,0.0881195068359375,0.011336721892319324,0,0.0,0.0,0.0,0.0
145,2026-06-01 00:07:29,anomaly,-0.1509483426385081,"path_length: 13849.4135, speed_mean: 4093.7576, speed_std: 17472.6626, speed_max: 369254.7395, acceleration_mean: 637470.1926, acceleration_std: 9620914.4246, acceleration_max: 206413836.2109, click_interval_std: 3.0163",483,3,3,0,0,56.80933405865584,13849.41345082301,313.8470965295043,0.022661399895665166,4093.757647003566,17472.66259037908,369254.7394869129,637470.1925765257,9620914.424638286,206413836.21085656,13.928404863390144,26.475530405396157,3.399900794029236,3.016320824623108,0.0881195068359375,0.011336721892319324,0,0.0,0.0,0.0,0.0
146,2026-06-01 00:07:33,normal,0.1322833561379807,,374,2,2,0,0,37.800869699460506,3427.0336970902727,573.1177889404586,0.1672343605570803,1141.039223625265,1518.5018509004021,7498.2047316682765,20499.19860963727,25643.45257326101,193478.95557899776,9.966657633774071,18.494693844930904,0.38357996940612793,0.0,0.08413445949554443,0.012047410011291504,0,0.0,0.0,0.0,0.0
147,2026-06-01 00:07:37,normal,0.11612990398025774,,346,1,0,1,2,49.400686541701084,3127.460098702035,764.8405062495056,0.24455643944647967,1128.4645225902962,1030.3532214517968,6020.451944550958,20437.329416681892,21974.046140031132,193478.95557899776,8.01704713692626,15.888017463274926,0.0,0.0,0.0,0.0,0.0,2.0,1.0,0.056539058685302734,0.0
148,2026-06-01 00:07:41,normal,0.10522340533568159,right_click_count: 2.0000,344,5,3,2,5,35.915704580170676,2536.2325279814227,358.33643409511126,0.14128690100048114,915.9446981183539,838.4635399139823,4357.984781346454,19126.00342915913,18899.083230255994,130222.01946027743,9.055512438372023,18.85084929706182,1.0240792036056519,0.22619139043192305,0.08252894878387451,0.03795628301103962,0,5.0,1.0,0.27807700634002686,0.3936139194718411
149,2026-06-01 00:07:46,anomaly,-0.015430872341411161,"click_count: 7.0000, right_click_count: 2.0000, speed_max: 37403.3604, acceleration_mean: 83441.7505, acceleration_std: 1137274.2344, acceleration_max: 24062654.5067",469,7,5,2,5,49.59195833250855,3815.8207523811684,202.41788458533006,0.0530470107797952,1058.4325511429076,2004.9958380294051,37403.360366900495,83441.75054793291,1137274.234420024,24062654.50667393,9.022909932208824,20.160488158130878,1.215987205505371,0.4042526292404446,0.12807597432817733,0.1239745006345015,0,5.0,1.0,0.27807700634002686,0.3936139194718411
150,2026-06-01 00:07:50,anomaly,-0.015641234972677776,"click_count: 7.0000, left_click_count: 6.0000, speed_max: 37403.3604, acceleration_mean: 78186.9583, acceleration_std: 1101522.1595, acceleration_max: 24062654.5067",500,7,6,1,0,51.48123233123173,3430.7212990833527,786.5519690395544,0.22926722996989338,890.4157562498032,1955.5160390061333,37403.360366900495,78186.95830248555,1101522.1595415506,24062654.50667393,13.393371669537878,23.96580568529955,1.632036844889323,1.1371274202544857,0.13196529660906112,0.11968521844431992,0,0.0,0.0,0.0,0.0
151,2026-06-01 00:07:54,anomaly,-0.0044769720104066435,"speed_max: 37403.3604, acceleration_mean: 89309.3672, acceleration_std: 1116126.2080, acceleration_max: 24062654.5067",503,5,5,0,0,54.06819265822458,3546.4886820626107,646.7588422279204,0.18236596820373055,921.3824892211027,1978.073638295538,37403.360366900495,89309.36720188458,1116126.2079581323,24062654.50667393,13.182799261198406,23.15410794216942,2.03983873128891,1.1969790712059536,0.1483640193939209,0.13799393451456346,0,0.0,0.0,0.0,0.0
152,2026-06-01 00:08:02,normal,0.0762734500374675,,37,0,0,0,0,3.7087853111219693,47.75587376308516,15.0,0.3140974882883382,141.4552053195142,145.8633211133979,631.6068025734701,8793.722632007633,10832.237066762347,47805.364121652216,19.171106109186685,27.693750993207463,0.0,0.0,0.0,0.0,0.0,0.0,0.0,0.0,0.0
153,2026-06-01 00:08:14,normal,0.10985417279800597,,77,0,0,0,0,72.92053601869517,456.0290463347665,383.575285960918,0.8411202949544996,739.3821046808747,1230.2139619169636,4725.135691203937,22510.96850453119,27746.59304914327,143748.13528866135,12.97580972094508,19.223844597040742,0.0,0.0,0.0,0.0,0.0,0.0,0.0,0.0,0.0
154,2026-06-01 00:16:34,normal,0.09521853681884507,click_hold_mean: 1.5598,162,1,1,0,0,68.31301925660742,1054.5803702103863,626.709661645646,0.5942739684417024,810.941858426954,1094.4808314575967,4082.7524596832104,15042.639091612917,17467.405154158143,121246.70394226298,15.402266438968908,25.31879617292618,0.0,0.0,1.5597772598266602,0.0,0.0,0.0,0.0,0.0,0.0
155,2026-06-01 00:16:42,normal,0.11180000067309159,,118,0,0,0,0,11.938811132859358,560.0960308667565,327.1452276894774,0.584087745066173,591.8618473877714,551.8001868465586,2193.2655090046756,15793.574575863591,15491.544364317393,69734.121574455,13.501011404545768,19.55546658363056,0.0,0.0,0.0,0.0,0.0,0.0,0.0,0.0,0.0
156,2026-06-01 00:26:21,normal,0.1268456028301524,,151,0,0,0,0,48.715266484189705,962.6087132702959,468.0309818804734,0.48621103822177075,792.1204518874845,1494.4378355141937,7314.176878905009,22117.532173386848,34202.5783956531,189421.70775788956,16.11252772094688,22.47864757468592,0.0,0.0,0.0,0.0,0.0,0.0,0.0,0.0,0.0
157,2026-06-01 00:26:30,normal,0.07992495643429448,,64,0,0,0,0,6.53595420021298,138.9486021247929,99.62429422585637,0.7169866605522345,262.976244172077,199.1761464326271,802.2653071454431,10155.127203128919,9843.908147785221,40383.60737441645,18.210759755387528,25.882721285623344,0.0,0.0,0.0,0.0,0.0,0.0,0.0,0.0,0.0
158,2026-06-01 20:42:26,normal,0.09934297061597536,straightness: 0.8892,59,0,0,0,11,17.534969150891932,163.94229754810507,145.7737973711325,0.8891774700690562,344.3391077048246,237.9418782739406,871.2721229746572,12883.592131767904,11727.185036601612,55347.737861637725,17.71113040243457,21.5265931042196,0.0,0.0,0.0,0.0,0.0,11.0,1.0,0.2831456661224365,0.6584766962391413
159,2026-06-01 20:42:30,normal,0.12648422822536926,,188,1,1,0,11,24.974719681538925,605.0090331873415,246.85623346393342,0.4080207400597508,386.2893657662823,384.61077526712893,1734.6482052188817,13361.137437105506,16884.2346335724,146971.33546391883,15.491536411906907,23.54648442683862,0.0,0.0,0.06313633918762207,0.0,0.0,11.0,1.0,0.2831456661224365,0.6584766962391413
160,2026-06-01 20:42:34,normal,0.11337938203822828,,249,3,3,0,9,29.67707693338515,1136.7432421264152,592.4229907760164,0.5211581374064892,554.7971522955021,610.6624702800491,3044.475971807991,15132.432343349863,19243.164458418385,146971.33546391883,13.240732996552497,22.602618207281026,1.8793259859085083,0.9845768213272095,0.06377903620402019,0.00045445776379298965,0,9.0,1.0,0.07199585437774658,0.13638422966449665
161,2026-06-01 20:43:04,normal,0.09858969775729515,,137,1,1,0,0,34.820403679228235,308.6435385022349,212.60291625469299,0.6888299599155663,262.6488634145168,309.745387434688,1339.6235084667562,9132.71467854247,10967.78534989971,58992.38062719525,21.918334652966596,32.555067926214775,0.0,0.0,0.06423234939575195,0.0,0.0,0.0,0.0,0.0,0.0
162,2026-06-01 20:43:12,normal,0.10418522527926855,,224,0,0,0,0,22.56264746845543,685.4787898321608,503.6069896258391,0.7346791718371725,367.79912273313397,347.68557318903584,1339.6235084667562,10365.02505194344,11186.148512318618,58992.38062719525,17.73072188712691,28.136592921645406,0.0,0.0,0.0,0.0,0.0,0.0,0.0,0.0,0.0
163,2026-06-01 20:45:40,normal,0.10755581273262488,,65,0,0,0,0,82.93311471719579,266.25282745577994,144.99655168313487,0.5445822043231309,511.58390469108986,490.2329467501192,1505.688465469313,15905.40861452637,22536.05651805754,135868.14064735034,17.972879410204403,20.00367913918228,0.0,0.0,0.0,0.0,0.0,0.0,0.0,0.0,0.0
164,2026-06-01 20:45:44,normal,0.12878945158527988,,290,2,2,0,0,37.96403585817352,1467.2683854373802,568.754780199692,0.38762832065665415,628.8782473980405,618.8984636966857,3843.9064985167047,17272.686518719733,19434.612318286123,135868.14064735034,17.051549503929017,24.02093904944475,0.9036808013916016,0.0,0.07591462135314941,0.0036797523498535156,0,0.0,0.0,0.0,0.0
165,2026-06-01 20:45:48,normal,0.10867477929653052,,256,3,3,0,0,33.692311225262394,1293.2919506654243,416.0,0.32165977665442036,629.0883990367145,621.6239752415272,3843.9064985167047,17119.783239411856,17324.829127399338,102521.24859938059,16.074446840621047,24.147640449511986,2.479814648628235,1.5761338472366333,0.0746002197265625,0.0035330376226108363,0,0.0,0.0,0.0,0.0
166,2026-06-01 20:45:52,normal,0.10921985118877292,,256,3,3,0,3,26.50057938173516,2028.3656614381896,1265.6970411595344,0.6239984561078136,990.0380521519887,1184.599886090278,5248.794056043402,19988.577841794522,19263.000597419395,102521.24859938059,13.433513264939254,24.620657714165237,2.479814648628235,1.5761338472366333,0.0746002197265625,0.0035330376226108363,0,3.0,1.0,0.028020739555358887,0.0036596059799194336
167,2026-06-01 20:52:31,normal,0.1246993337779771,,144,0,0,0,0,54.2179840611743,619.3438546986976,352.919254221132,0.5698276515439432,533.1322408180697,667.9735864959353,3458.113760885918,17250.229375620853,17575.57448616785,90006.09380633461,14.912180621372812,25.120525807531223,0.0,0.0,0.0,0.0,0.0,0.0,0.0,0.0,0.0
168,2026-06-01 20:52:35,normal,0.13834780219742188,,241,1,1,0,0,32.7312131639087,1204.948255619345,543.9016455205849,0.4513900435010952,617.8876321352216,748.1193665346515,3458.113760885918,17107.381505468496,18114.967994810417,123132.76975395287,13.701661174836579,22.830849655791265,0.0,0.0,0.06194257736206055,0.0,0.0,0.0,0.0,0.0,0.0
169,2026-06-01 20:52:39,normal,0.12207512512370705,,336,3,3,0,0,34.227307233380095,2293.317469919542,1249.9887999498235,0.5450570260530382,847.3907896495158,1235.347114678933,6979.136124761873,17118.338593815122,22892.740185300372,182633.98507243945,10.919634340745063,20.868777231729588,1.054682970046997,0.32109904289245605,0.07698535919189453,0.01951283137982755,0,0.0,0.0,0.0,0.0
170,2026-06-01 20:52:43,normal,0.02654816554659495,"click_interval_std: 1.9366, double_click_count: 1.0000",507,5,4,1,0,60.5110178931026,4097.873492496624,763.05766492448,0.18620820440691258,1013.4560263643709,1604.5679989988732,9341.43429844098,52726.182699529825,678810.9165888542,15234465.60667201,16.71853223459819,28.47999166367187,1.915356993675232,1.9365986287644528,0.07822394371032715,0.015190590330143196,1,0.0,0.0,0.0,0.0
171,2026-06-01 20:52:47,normal,0.014950380176538713,double_click_count: 1.0000,414,2,1,1,0,41.833384491102365,3664.1727112109775,694.1361537911708,0.18943871059008155,1113.3215377995416,1750.081519414863,9341.43429844098,63099.450475444595,751257.7149241876,15234465.60667201,27.666985898838806,44.53856868394794,0.3437061309814453,0.0,0.08008182048797607,7.975101470947266e-05,1,0.0,0.0,0.0,0.0
172,2026-06-01 20:52:51,normal,0.032647796334574264,"click_interval_std: 2.8885, double_click_count: 1.0000",387,4,3,1,0,39.98066063082397,2310.0962414482033,888.3524075500668,0.38455212021519813,707.3167705834269,1020.658855560953,5225.666818782406,20197.411049452752,28528.354901046085,213918.40721812195,29.31779006525273,43.85054436523236,2.68273131052653,2.8884934075296216,0.06781089305877686,0.01227147599611669,1,0.0,0.0,0.0,0.0
173,2026-06-01 20:52:55,normal,0.11753396100813002,,444,2,2,0,0,46.78414652169912,3523.5729768538454,857.0023337191095,0.24321969187206002,958.1438346926182,1534.7528550091915,7228.5415731970625,21492.790457770825,29446.40765989754,213918.40721812195,24.20499382749806,41.88042074172565,0.9519314765930176,0.0,0.05553996562957764,0.00014340877532958984,0,0.0,0.0,0.0,0.0
174,2026-06-01 20:58:13,normal,0.0999460253338853,,47,0,0,0,0,58.185565318464356,161.261859036868,86.83317338436964,0.5384606992811467,431.25406520848713,354.45312559341926,1299.2823998019664,13493.507648298486,13357.879225263525,62459.882853762065,19.875731208449064,26.636564467919015,0.0,0.0,0.0,0.0,0.0,0.0,0.0,0.0,0.0
175,2026-06-01 20:58:17,normal,0.016178674786567537,"acceleration_mean: 163964.0753, acceleration_std: 1336314.0066",83,0,0,0,0,17.26370983922748,209.34559077411078,79.60527620704548,0.3802577160220279,352.4307502061564,527.7624268847288,4165.478652749805,163964.07533389627,1336314.0066201861,12112607.000778388,19.35212632554054,26.194781710286524,0.0,0.0,0.0,0.0,0.0,0.0,0.0,0.0,0.0
176,2026-06-01 20:58:21,normal,0.04127884232371465,"acceleration_mean: 79394.2495, acceleration_std: 897236.4731",183,0,0,0,0,20.589873751032904,514.1478649205746,168.01488029338353,0.32678319167840636,356.46735847961406,504.88115605545494,4165.478652749805,79394.24948124927,897236.4730789263,12112607.000778388,19.937619376594466,25.340280405695616,0.0,0.0,0.0,0.0,0.0,0.0,0.0,0.0,0.0
177,2026-06-01 20:58:40,normal,0.08584818451374565,,46,0,0,0,0,66.09909966700012,91.33485438137157,78.44743462982075,0.8588992138998877,242.17372171465647,155.10865112693654,627.3826547401801,10510.218240239092,10870.043737040665,39110.82706530336,12.018749333482198,21.603452897136272,0.0,0.0,0.0,0.0,0.0,0.0,0.0,0.0,0.0
178,2026-06-01 20:58:48,normal,0.04946799753962683,,8,0,0,0,0,11.113878191422941,6.0,5.0990195135927845,0.8498365855987974,90.63894230822675,55.771948512170724,128.5649828347229,2756.2559134816806,5551.275700221813,15161.462788181247,36.0,44.090815370097204,0.0,0.0,0.0,0.0,0.0,0.0,0.0,0.0,0.0
179,2026-06-01 20:58:52,normal,0.08567500895078389,,50,0,0,0,0,10.739266287308372,58.53663105724556,27.459060435491963,0.46909191628466856,133.73443860569492,110.54023794283903,508.89395777723854,8732.096869485098,11322.54664100546,64743.265065545456,20.57142860592624,32.319549421979154,0.0,0.0,0.0,0.0,0.0,0.0,0.0,0.0,0.0
180,2026-06-01 20:58:56,normal,0.11302067074087552,,217,3,3,0,0,24.68393383871372,1132.1696505846476,613.3131337253426,0.5417148687995923,647.8930205473598,699.7841877567661,3329.3936809276693,15431.52078678367,17214.101784143033,100454.11420448277,10.891335487484644,19.912747671600737,1.335949420928955,0.07988095283508301,0.06977621714274089,0.008617418221509549,0,0.0,0.0,0.0,0.0
181,2026-06-01 20:59:00,normal,0.12341821436465794,,486,4,4,0,0,53.005497668663494,5061.6209318908195,541.7647090758127,0.10703383686091858,1297.4187911957642,1883.9542419288448,9936.737304644954,27573.678881650714,36901.50882107475,266145.5195492981,10.958449088223732,19.603011221977454,1.6825730800628662,0.49451986804710296,0.07231050729751587,0.00865810616526916,0,0.0,0.0,0.0,0.0
182,2026-06-01 20:59:04,normal,0.12555039129676027,,515,4,4,0,0,52.72319046853826,5086.271213430692,540.5450952510807,0.10627531890626077,1229.334942893544,1851.1387977100314,9936.737304644954,26272.030980421023,36258.01129647574,266145.5195492981,11.478032393167403,20.668851402058834,1.6825730800628662,0.49451986804710296,0.07231050729751587,0.00865810616526916,0,0.0,0.0,0.0,0.0
183,2026-06-01 23:51:15,normal,0.09600538487427068,,222,2,1,1,0,75.72993273556035,3299.88423996667,683.1046771908387,0.2070086789461858,1862.2422828126316,2181.1296274425463,9728.837813499902,31216.180700304616,32942.692680914035,147483.2725565684,6.85862625222347,11.6294931906557,0.480057954788208,0.0,0.08794045448303223,0.008082151412963867,0,0.0,0.0,0.0,0.0
184,2026-06-01 23:51:19,normal,0.06400823253909782,"right_click_count: 2.0000, click_interval_std: 1.9803",350,3,1,2,0,47.95042555670349,4392.919287080298,1050.5831713862544,0.23915376148067408,1570.75845290164,1815.5698030753558,9728.837813499902,25957.001182970725,28043.51983817945,147483.2725565684,7.797462186467856,13.279971478242365,2.460313320159912,1.980255365371704,0.08507204055786133,0.007746163213721435,0,0.0,0.0,0.0,0.0
185,2026-06-01 23:51:24,normal,0.0905350489325259,right_click_count: 2.0000,445,4,2,2,0,45.30006588230178,5508.872184506561,260.71632093139084,0.04732662370796022,1544.4423106316317,1882.276780992121,8179.3382809145205,26899.254249060545,29850.39762030842,224624.31088543957,9.781456073003948,16.79332671004092,1.9628407955169678,1.7633014585160598,0.07568240165710449,0.017592562049344222,0,0.0,0.0,0.0,0.0
186,2026-06-01 23:51:28,anomaly,-0.02976780438197757,"path_length: 13152.8655, speed_mean: 4591.5112, speed_std: 7184.9641, speed_max: 36832.3173, acceleration_mean: 132551.3879",359,2,1,1,0,37.192532132748894,13152.865545653834,817.7493503513164,0.06217271419014309,4591.511213654934,7184.964051982289,36832.31726298786,132551.38787776555,267215.87554538413,2155165.386682976,11.89565418656012,20.77793200085782,0.9678957462310791,0.0,0.06342434883117676,0.015910863876342773,0,0.0,0.0,0.0,0.0
187,2026-06-01 23:51:36,anomaly,-0.15071263553287595,"path_length: 43293.1526, speed_mean: 8127.4456, speed_std: 10667.8154, speed_max: 194946.8732, acceleration_mean: 506212.9967, acceleration_std: 6310728.3173, acceleration_max: 164300426.5680, double_click_count: 1.0000",681,2,2,0,0,80.17293768936825,43293.15260941374,838.715684842009,0.019372940852998476,8127.445616871858,10667.815404621922,194946.87315041124,506212.99669478356,6310728.317310792,164300426.56797588,14.248628180546648,25.478595676654244,0.32767605781555176,0.0,0.044031381607055664,0.0038728713989257812,1,0.0,0.0,0.0,0.0
188,2026-06-01 23:51:44,anomaly,-0.0791001524914825,"move_count: 1165.0000, event_rate: 116.5002, path_length: 71546.9184, speed_mean: 7687.9594, speed_std: 5693.1472, speed_max: 21998.7411, acceleration_mean: 255803.0687",1165,0,0,0,0,116.50017220999425,71546.91841175665,251.52534663528445,0.003515530119518797,7687.959353228298,5693.147150562473,21998.74106839155,255803.06870580858,196839.4220037357,2217911.808005214,13.721940137801795,27.536328831922656,0.0,0.0,0.0,0.0,0.0,0.0,0.0,0.0,0.0
189,2026-06-01 23:51:51,anomaly,-0.010131001049635602,"path_length: 20065.1402, speed_mean: 5222.0833, speed_std: 5808.4930, speed_max: 20583.2990, acceleration_mean: 157355.2985",481,1,1,0,0,48.339166408329504,20065.14019076701,713.0617084095878,0.03553733996524498,5222.083253450003,5808.492997611906,20583.298978323393,157355.29845840318,186992.50379326555,1466346.7325500217,14.508115008169497,25.098568136471847,0.0,0.0,0.07995390892028809,0.0,0.0,0.0,0.0,0.0,0.0
190,2026-06-01 23:52:00,normal,0.11782160741394127,,408,1,1,0,3,42.913472592589805,4113.247278369552,140.52046114356443,0.034162901385122964,1237.7803164889733,1291.5452663552546,5861.326314196974,31715.99547471178,183294.04319489803,3624058.6544655277,10.545461192628522,19.855622095092723,0.0,0.0,0.05592060089111328,0.0,0.0,3.0,1.0,0.02401101589202881,0.008009076118469238
191,2026-06-01 23:52:04,normal,0.12416342342516706,,338,1,1,0,5,35.49349796621272,4345.4238490736225,498.14054241749886,0.11463566264627897,1603.3498427461786,2184.9730890805513,12180.93752171124,29026.432395596832,41846.933600204335,287939.978873727,10.445056548622677,21.79902625445477,0.0,0.0,0.05570197105407715,0.0,0.0,5.0,1.0,0.018068432807922363,0.008905720148621331
192,2026-06-01 23:52:08,normal,0.04802750139590417,acceleration_mean: 91456.1068,395,2,2,0,15,41.96941889490493,6076.719084814371,1023.7250607462923,0.16846674109135074,1955.5507003301132,2531.6554971891687,13351.392345480275,91456.10677372456,754493.6811306606,14545752.562134348,9.099096951256847,20.325794216564955,3.2797789573669434,0.0,0.0678321123123169,0.012130141258239746,0,15.0,1.0,0.07771546500069755,0.16271623099918653
193,2026-06-01 23:52:16,normal,0.096535668035788,,128,1,1,0,0,88.79459030948344,1387.368832555045,1084.9046041012086,0.7819871534112499,1365.2811113100595,1104.3414227625576,4146.943178325861,21183.44812800131,17584.06511852229,85578.38889896133,5.495449410891941,8.011068490968764,0.0,0.0,0.04841876029968262,0.0,0.0,0.0,0.0,0.0,0.0
194,2026-06-02 00:38:05,normal,0.0667204850813381,speed_mean: 2414.2165,250,0,0,0,0,89.53872412168323,4809.8631671694175,309.5367506452182,0.06435458554372539,2414.2165119684205,2117.850906500976,8800.655195127185,61919.00782275365,64740.131796236325,370136.68782335205,9.634791530370975,15.959616967175341,0.0,0.0,0.0,0.0,0.0,0.0,0.0,0.0,0.0
195,2026-06-02 00:38:09,anomaly,-0.09803479392720682,"path_length: 41283.2330, speed_mean: 8567.9609, speed_std: 8613.5313, speed_max: 44569.1715, acceleration_mean: 308310.2184",604,0,0,0,0,84.45321690911433,41283.23298429616,230.54066886343503,0.005584365666107861,8567.96090586102,8613.531251150212,44569.17145872167,308310.21839657373,378978.8150638449,1941866.4553277746,16.128959331885948,29.085549564711993,0.0,0.0,0.0,0.0,0.0,0.0,0.0,0.0,0.0
196,2026-06-02 00:38:13,anomaly,-0.16640333707621768,"path_length: 44211.0730, speed_mean: 9553.7374, speed_std: 31819.9584, speed_max: 688301.8782, acceleration_mean: 2630955.5351, acceleration_std: 34614919.4374, acceleration_max: 777409038.0960",690,0,0,0,0,76.59903202225543,44211.07303944338,913.0854286429063,0.02065286738976653,9553.737357823802,31819.95837360677,688301.8782229543,2630955.535133724,34614919.43741653,777409038.096002,18.700091570440765,32.919178863737656,0.0,0.0,0.0,0.0,0.0,0.0,0.0,0.0,0.0
197,2026-06-02 00:38:17,anomaly,-0.13865450586430073,"path_length: 39054.3570, speed_mean: 11202.0656, speed_std: 36016.0280, speed_max: 688301.8782, acceleration_mean: 3371762.2422, acceleration_std: 39445342.6761, acceleration_max: 777409038.0960",531,1,1,0,0,53.30116532250883,39054.35696575964,384.83762809787714,0.009853897439286432,11202.065625703191,36016.02798383135,688301.8782229543,3371762.2421802934,39445342.6761125,777409038.096002,20.945816027297568,35.02124382366498,0.0,0.0,0.06392955780029297,0.0,0.0,0.0,0.0,0.0,0.0
198,2026-06-02 00:38:22,normal,0.11178481657574418,displacement: 1582.3236,428,3,3,0,0,62.213580664549646,5295.308337568085,1582.3236078628165,0.2988161419490658,1546.3057061370862,1877.3216645109053,8163.949698429848,23419.500311373606,28823.89704189968,260135.51375898047,11.778838244404538,21.652476565307335,1.9760100841522217,0.4160277843475342,0.06390039126078288,0.006481405029313545,0,0.0,0.0,0.0,0.0
199,2026-06-02 00:38:26,normal,0.09584238163603936,path_length: 7155.6124,597,4,4,0,0,62.96871413496126,7155.612395936936,592.9266396443999,0.08286176036883615,1489.6997150931961,2085.0252857079868,11069.139128060413,23988.611312266967,31802.003962852825,260135.51375898047,11.469205296399542,20.72271300752733,2.2693395614624023,0.5361627017528104,0.0638498067855835,0.005613745161022343,0,0.0,0.0,0.0,0.0
200,2026-06-02 00:38:30,anomaly,-0.06583068872477538,"path_length: 38924.7683, speed_mean: 7543.9021, speed_std: 8424.8681, speed_max: 34408.1808, acceleration_mean: 268381.3525",647,1,1,0,0,65.0518997125645,38924.76831356534,1156.9356075426151,0.02972235051529957,7543.902137264159,8424.868068190677,34408.180824372444,268381.3525032904,374832.990478358,2911889.124154316,15.720303663029993,24.133430490153913,0.0,0.0,0.06369805335998535,0.0,0.0,0.0,0.0,0.0,0.0
201,2026-06-02 00:38:36,anomaly,-0.10497892488231331,"move_count: 727.0000, path_length: 49405.4717, displacement: 1552.9720, speed_mean: 8644.3778, speed_std: 9889.4945, speed_max: 98490.8103, acceleration_mean: 354086.3668, acceleration_std: 1032265.3147, acceleration_max: 17990071.7778",727,2,2,0,0,78.77011309158199,49405.4717379051,1552.9719894447549,0.031433198283850744,8644.377769347251,9889.494510202687,98490.81025131291,354086.36683918413,1032265.3146940805,17990071.777774163,17.32551832109362,25.338492655244725,1.0720999240875244,0.0,0.07191836833953857,7.18832015991211e-05,0,0.0,0.0,0.0,0.0
202,2026-06-02 00:46:10,normal,0.112390835076293,,154,1,1,0,0,74.43660155464322,634.0390260201219,85.72630868059116,0.13520667524000415,507.96741898041665,544.593548482717,2061.7305165352464,13057.105496409595,13089.044681742984,68755.53191580893,18.767543464743564,26.63262287767272,0.0,0.0,0.08790922164916992,0.0,0.0,0.0,0.0,0.0,0.0
203,2026-06-02 00:46:15,normal,0.11840103008769715,click_interval_mean: 4.5278,326,2,2,0,4,54.01324581853499,1614.358900279198,223.27113561766106,0.13830328285677185,611.7622240404147,822.2784923412819,4511.883833028073,15265.557051573871,20493.099671284665,217671.01455645394,16.510464291449136,26.042924470949252,4.527820348739624,0.0,0.08422625064849854,0.0036829710006713867,0,4.0,1.0,0.03473981221516927,0.010130970126459127
204,2026-06-02 00:46:19,normal,0.12036258568815184,,408,3,3,0,4,41.80024416589309,2175.765093251388,113.03981599418853,0.05195405347057285,659.2866086122222,849.7994867958613,4511.883833028073,15380.404741337183,19778.089434954712,217671.01455645394,15.82837779364453,25.77142262226005,3.499878168106079,1.027942180633545,0.08021799723307292,0.006416778096968384,0,4.0,1.0,0.03473981221516927,0.010130970126459127
205,2026-06-02 00:46:23,normal,0.11217401616800798,click_interval_mean: 4.1440,397,3,3,0,3,40.60081699107982,2754.234516415927,927.8383479895623,0.33687703151616666,860.8932353775032,1140.870526552608,5242.767806982793,17233.902454675743,19701.69673671875,123662.41532282566,12.541034193631576,23.377775828970464,4.14404296875,1.6721069812774658,0.07487853368123372,0.004007587592435173,0,3.0,1.0,0.2599451541900635,0.20412111282348633
206,2026-06-02 00:46:27,normal,0.11849572358636912,click_interval_std: 1.9468,369,4,4,0,3,38.02977060050719,2294.7124102609055,547.1133337801227,0.23842348667906352,768.1337993833974,1050.324278754124,5242.767806982793,15525.224357593383,17170.145583430214,96160.6192240087,12.319457690452063,22.82395647701045,3.162707487742106,1.9467921881378476,0.06813234090805054,0.012189295284475122,0,3.0,1.0,0.2599451541900635,0.20412111282348633
207,2026-06-02 00:46:31,normal,0.07568830712503133,click_interval_std: 2.2079,270,3,3,0,0,27.60049879975534,1421.8920050187862,809.3763030877541,0.5692248780012379,651.9082564364695,1045.3422336571377,5242.767806982793,15077.749839710348,15480.366732674822,96160.6192240087,10.456091378024425,16.513967394513287,3.4079266786575317,2.2078901529312134,0.05862593650817871,0.009959110673438087,0,0.0,0.0,0.0,0.0
208,2026-06-02 00:46:35,normal,0.11301548730217953,,299,4,4,0,0,45.14617271887948,2025.475349527822,194.74342094150447,0.09614702098788958,846.1594010875459,1073.6787084176021,5377.484093963569,19813.532725776688,20896.135926309165,106338.30813922705,8.319052816688616,12.826656350186841,1.5600521564483643,0.9520861049209834,0.06138533353805542,0.020898252669904777,0,0.0,0.0,0.0,0.0
209,2026-06-03 19:03:45,normal,0.046329747128906584,straightness: 0.9530,123,2,1,1,0,33.77540506110561,863.2043597242454,822.6451239750953,0.9530131708763532,885.1643996032927,643.8611354018312,2745.833758438592,21684.54607475266,18001.23781833815,83629.95938544864,5.279505143003739,6.114226417182245,0.5839149951934814,0.0,0.06395506858825684,0.01581716537475586,0,0.0,0.0,0.0,0.0
210,2026-06-03 19:03:49,normal,0.1033291951935763,,218,3,2,1,0,27.886826022457832,2538.4471914688006,293.027302482209,0.11543565037201228,1441.5517267133484,1782.5028907687079,8309.436123842424,32635.68005149408,41243.73903000316,256599.08848842623,8.365183133812351,15.955666134582543,0.8770391941070557,0.2931241989135742,0.06048107147216797,0.013817589958217677,0,0.0,0.0,0.0,0.0
211,2026-06-03 19:03:53,normal,0.07810194344296056,,331,5,4,1,0,34.51320019976406,4933.065951417396,847.8077612289238,0.17186223934130193,1673.5640983234089,1866.2399928186721,11201.429730439631,40111.0387794847,69589.76822014728,761609.7320870921,8.339554850686524,16.209397890861506,2.242137134075165,1.5282836254865615,0.06006546020507812,0.010957451455252608,0,0.0,0.0,0.0,0.0
212,2026-06-03 19:03:57,normal,0.07561303605151293,displacement: 1774.4162,361,2,2,0,0,42.051303095978966,6131.41073390367,1774.416242035673,0.2893977127032166,1965.1616416260865,1754.0312473131874,11201.429730439631,39499.69288886256,67363.19880733005,761609.7320870921,10.354849732953573,25.10303761042102,2.680738925933838,0.0,0.05944204330444336,0.0036232471466064453,0,0.0,0.0,0.0,0.0
213,2026-06-03 19:04:02,normal,0.0742225981534475,click_interval_std: 2.7492,378,5,4,1,0,38.83039086439384,3805.9904634845384,303.35622624235026,0.07970493598258135,1259.8371987777466,1075.9428064184565,4649.251425254142,23378.044007167082,24937.2854089316,162345.73104303985,12.938975197635239,28.430652313316802,2.229702413082123,2.749174028364504,0.11809735298156739,0.10525942498093256,0,0.0,0.0,0.0,0.0
214,2026-06-03 19:04:06,anomaly,-0.07609727287066848,"path_length: 36040.2003, speed_mean: 6625.6210, speed_std: 7777.7761, speed_max: 33301.4381, acceleration_mean: 204661.8737",681,4,3,1,0,68.90220622212783,36040.200287530606,1067.6272757849529,0.029623233702015153,6625.62101959422,7777.776054349809,33301.438063745125,204661.8736789616,592445.4826865804,13319943.940558076,14.590330935747312,26.57351527205508,0.642534335454305,0.029446410343003417,0.13185536861419678,0.11359145308255958,0,0.0,0.0,0.0,0.0
215,2026-06-03 19:04:13,anomaly,-0.15417463210964444,"path_length: 44787.8478, speed_mean: 11376.7691, speed_std: 39913.1543, speed_max: 932380.6708, acceleration_mean: 3454470.4439, acceleration_std: 60854711.4777, acceleration_max: 1405070580.2786",583,0,0,0,0,58.34301268191696,44787.84779958705,635.85297042634,0.01419699766042794,11376.76906140298,39913.15431905262,932380.6707827675,3454470.443880695,60854711.47773161,1405070580.278636,15.127935994107588,25.647243633675878,0.0,0.0,0.0,0.0,0.0,0.0,0.0,0.0,0.0
